plant,fin_material_id,fin_material_release_type,fin_material_production_type,fin_production_quantity,prod_material_id,prod_material_release_type,prod_material_production_type,prod_material_production_quantity,component_id,component_material_release_type,component_material_production_type,component_consumption_quantity,year
RLT_10,10000,FIN,8002,989.9999999999999,50000,PROD,8002,859.0,80070,PROD,8007.0,879.0,2024
RLT_10,10000,FIN,8002,989.9999999999999,80070,PROD,8007,929.0,80010,PROD,8001.0,3626.0,2024
RLT_10,10000,FIN,8002,989.9999999999999,80010,PROD,8001,1726.0,80000,PROD,8000.0,1818.0,2024
RLT_10,10000,FIN,8002,989.9999999999999,80000,PROD,8000,1979.9999999999998,70000,RM,,2668.0,2024
RLT_10,10000,FIN,8002,989.9999999999999,80000,PROD,8000,1979.9999999999998,90005,ADD,,68.0,2024
RLT_10,10000,FIN,8002,989.9999999999999,80010,PROD,8001,1726.0,90004,ADD,,101.0,2024
RLT_10,10000,FIN,8002,989.9999999999999,80070,PROD,8007,929.0,90002,ADD,,30.0,2024
RLT_10,10000,FIN,8002,989.9999999999999,80070,PROD,8007,929.0,90003,ADD,,11.0,2024
RLT_10,10000,FIN,8002,989.9999999999999,50000,PROD,8002,859.0,90000,ADD,,50.00000000000001,2024
RLT_10,10000,FIN,8002,989.9999999999999,50000,PROD,8002,859.0,90001,ADD,,20.0,2024
RLT_10,10001,FIN,8002,975.0,50001,PROD,8002,738.9999999999999,80071,PROD,8007.0,808.0,2024
RLT_10,10001,FIN,8002,975.0,80071,PROD,8007,897.0,80011,PROD,8001.0,3541.0,2024
RLT_10,10001,FIN,8002,975.0,80011,PROD,8001,1670.0,80001,PROD,8000.0,1909.0,2024
RLT_10,10001,FIN,8002,975.0,80001,PROD,8000,1904.0,70001,RM,,2803.0,2024
RLT_10,10001,FIN,8002,975.0,80001,PROD,8000,1904.0,90010,ADD,,72.0,2024
RLT_10,10001,FIN,8002,975.0,80011,PROD,8001,1670.0,90009,ADD,,96.0,2024
RLT_10,10001,FIN,8002,975.0,80071,PROD,8007,897.0,90007,ADD,,29.000000000000004,2024
RLT_10,10001,FIN,8002,975.0,80071,PROD,8007,897.0,90008,ADD,,11.0,2024
RLT_10,10001,FIN,8002,975.0,50001,PROD,8002,738.9999999999999,90005,ADD,,49.0,2024
RLT_10,10001,FIN,8002,975.0,50001,PROD,8002,738.9999999999999,90006,ADD,,20.999999999999996,2024
RLT_10,10000,FIN,8002,960.0,50000,PROD,8002,839.0000000000001,80070,PROD,8007.0,980.0,2024
RLT_10,10000,FIN,8002,960.0,80070,PROD,8007,984.0000000000001,80010,PROD,8001.0,3338.0,2024
RLT_10,10000,FIN,8002,960.0,80010,PROD,8001,1629.0,80000,PROD,8000.0,1876.0,2024
RLT_10,10000,FIN,8002,960.0,80000,PROD,8000,1829.0,70000,RM,,2522.0,2024
RLT_10,10000,FIN,8002,960.0,80000,PROD,8000,1829.0,90005,ADD,,73.0,2024
RLT_10,10000,FIN,8002,960.0,80010,PROD,8001,1629.0,90004,ADD,,104.0,2024
RLT_10,10000,FIN,8002,960.0,80070,PROD,8007,984.0000000000001,90002,ADD,,33.0,2024
RLT_10,10000,FIN,8002,960.0,80070,PROD,8007,984.0000000000001,90003,ADD,,10.0,2024
RLT_10,10000,FIN,8002,960.0,50000,PROD,8002,839.0000000000001,90000,ADD,,49.0,2024
RLT_10,10000,FIN,8002,960.0,50000,PROD,8002,839.0000000000001,90001,ADD,,22.0,2024
RLT_10,10001,FIN,8002,1050.0,50001,PROD,8002,811.0000000000001,80071,PROD,8007.0,879.0,2024
RLT_10,10001,FIN,8002,1050.0,80071,PROD,8007,875.0,80011,PROD,8001.0,3021.0000000000005,2024
RLT_10,10001,FIN,8002,1050.0,80011,PROD,8001,1635.0,80001,PROD,8000.0,2130.0,2024
RLT_10,10001,FIN,8002,1050.0,80001,PROD,8000,2144.0,70001,RM,,2538.0,2024
RLT_10,10001,FIN,8002,1050.0,80001,PROD,8000,2144.0,90010,ADD,,73.0,2024
RLT_10,10001,FIN,8002,1050.0,80011,PROD,8001,1635.0,90009,ADD,,106.99999999999999,2024
RLT_10,10001,FIN,8002,1050.0,80071,PROD,8007,875.0,90007,ADD,,29.000000000000004,2024
RLT_10,10001,FIN,8002,1050.0,80071,PROD,8007,875.0,90008,ADD,,11.0,2024
RLT_10,10001,FIN,8002,1050.0,50001,PROD,8002,811.0000000000001,90005,ADD,,48.0,2024
RLT_10,10001,FIN,8002,1050.0,50001,PROD,8002,811.0000000000001,90006,ADD,,20.0,2024
RLT_10,10000,FIN,8002,968.0,50000,PROD,8002,721.0,80070,PROD,8007.0,1034.0,2024
RLT_10,10000,FIN,8002,968.0,80070,PROD,8007,989.0,80010,PROD,8001.0,3555.0,2024
RLT_10,10000,FIN,8002,968.0,80010,PROD,8001,1954.0,80000,PROD,8000.0,2192.0,2024
RLT_10,10000,FIN,8002,968.0,80000,PROD,8000,2001.9999999999998,70000,RM,,2724.0,2024
RLT_10,10000,FIN,8002,968.0,80000,PROD,8000,2001.9999999999998,90005,ADD,,76.0,2024
RLT_10,10000,FIN,8002,968.0,80010,PROD,8001,1954.0,90004,ADD,,96.0,2024
RLT_10,10000,FIN,8002,968.0,80070,PROD,8007,989.0,90002,ADD,,32.0,2024
RLT_10,10000,FIN,8002,968.0,80070,PROD,8007,989.0,90003,ADD,,11.0,2024
RLT_10,10000,FIN,8002,968.0,50000,PROD,8002,721.0,90000,ADD,,46.0,2024
RLT_10,10000,FIN,8002,968.0,50000,PROD,8002,721.0,90001,ADD,,22.0,2024
RLT_10,10001,FIN,8002,955.0,50001,PROD,8002,795.0,80071,PROD,8007.0,818.0,2024
RLT_10,10001,FIN,8002,955.0,80071,PROD,8007,894.0,80011,PROD,8001.0,3359.0,2024
RLT_10,10001,FIN,8002,955.0,80011,PROD,8001,1708.0,80001,PROD,8000.0,2035.0000000000002,2024
RLT_10,10001,FIN,8002,955.0,80001,PROD,8000,1854.0,70001,RM,,2677.0,2024
RLT_10,10001,FIN,8002,955.0,80001,PROD,8000,1854.0,90010,ADD,,68.0,2024
RLT_10,10001,FIN,8002,955.0,80011,PROD,8001,1708.0,90009,ADD,,90.99999999999999,2024
RLT_10,10001,FIN,8002,955.0,80071,PROD,8007,894.0,90007,ADD,,33.0,2024
RLT_10,10001,FIN,8002,955.0,80071,PROD,8007,894.0,90008,ADD,,9.0,2024
RLT_10,10001,FIN,8002,955.0,50001,PROD,8002,795.0,90005,ADD,,46.0,2024
RLT_10,10001,FIN,8002,955.0,50001,PROD,8002,795.0,90006,ADD,,20.0,2024
RLT_10,10000,FIN,8002,1006.0000000000001,50000,PROD,8002,783.0000000000001,80070,PROD,8007.0,865.0,2024
RLT_10,10000,FIN,8002,1006.0000000000001,80070,PROD,8007,896.0,80010,PROD,8001.0,3541.0,2024
RLT_10,10000,FIN,8002,1006.0000000000001,80010,PROD,8001,1781.0,80000,PROD,8000.0,1849.0,2024
RLT_10,10000,FIN,8002,1006.0000000000001,80000,PROD,8000,1955.0,70000,RM,,2729.0,2024
RLT_10,10000,FIN,8002,1006.0000000000001,80000,PROD,8000,1955.0,90005,ADD,,70.0,2024
RLT_10,10000,FIN,8002,1006.0000000000001,80010,PROD,8001,1781.0,90004,ADD,,98.0,2024
RLT_10,10000,FIN,8002,1006.0000000000001,80070,PROD,8007,896.0,90002,ADD,,30.0,2024
RLT_10,10000,FIN,8002,1006.0000000000001,80070,PROD,8007,896.0,90003,ADD,,9.0,2024
RLT_10,10000,FIN,8002,1006.0000000000001,50000,PROD,8002,783.0000000000001,90000,ADD,,46.0,2024
RLT_10,10000,FIN,8002,1006.0000000000001,50000,PROD,8002,783.0000000000001,90001,ADD,,19.0,2024
RLT_10,10001,FIN,8002,1070.0,50001,PROD,8002,805.0,80071,PROD,8007.0,927.0,2024
RLT_10,10001,FIN,8002,1070.0,80071,PROD,8007,848.0,80011,PROD,8001.0,3446.9999999999995,2024
RLT_10,10001,FIN,8002,1070.0,80011,PROD,8001,1862.0,80001,PROD,8000.0,2031.0,2024
RLT_10,10001,FIN,8002,1070.0,80001,PROD,8000,2075.0,70001,RM,,2616.0,2024
RLT_10,10001,FIN,8002,1070.0,80001,PROD,8000,2075.0,90010,ADD,,65.0,2024
RLT_10,10001,FIN,8002,1070.0,80011,PROD,8001,1862.0,90009,ADD,,110.0,2024
RLT_10,10001,FIN,8002,1070.0,80071,PROD,8007,848.0,90007,ADD,,30.0,2024
RLT_10,10001,FIN,8002,1070.0,80071,PROD,8007,848.0,90008,ADD,,10.0,2024
RLT_10,10001,FIN,8002,1070.0,50001,PROD,8002,805.0,90005,ADD,,53.0,2024
RLT_10,10001,FIN,8002,1070.0,50001,PROD,8002,805.0,90006,ADD,,20.0,2024
RLT_10,10000,FIN,8002,1004.0,50000,PROD,8002,749.9999999999999,80070,PROD,8007.0,937.0,2024
RLT_10,10000,FIN,8002,1004.0,80070,PROD,8007,929.0,80010,PROD,8001.0,3440.0,2024
RLT_10,10000,FIN,8002,1004.0,80010,PROD,8001,1742.0,80000,PROD,8000.0,2073.0,2024
RLT_10,10000,FIN,8002,1004.0,80000,PROD,8000,2077.0,70000,RM,,2714.0,2024
RLT_10,10000,FIN,8002,1004.0,80000,PROD,8000,2077.0,90005,ADD,,63.0,2024
RLT_10,10000,FIN,8002,1004.0,80010,PROD,8001,1742.0,90004,ADD,,109.0,2024
RLT_10,10000,FIN,8002,1004.0,80070,PROD,8007,929.0,90002,ADD,,29.000000000000004,2024
RLT_10,10000,FIN,8002,1004.0,80070,PROD,8007,929.0,90003,ADD,,10.0,2024
RLT_10,10000,FIN,8002,1004.0,50000,PROD,8002,749.9999999999999,90000,ADD,,51.0,2024
RLT_10,10000,FIN,8002,1004.0,50000,PROD,8002,749.9999999999999,90001,ADD,,20.999999999999996,2024
RLT_10,10001,FIN,8002,954.0,50001,PROD,8002,757.0,80071,PROD,8007.0,881.0,2024
RLT_10,10001,FIN,8002,954.0,80071,PROD,8007,857.0,80011,PROD,8001.0,3270.0,2024
RLT_10,10001,FIN,8002,954.0,80011,PROD,8001,1630.0,80001,PROD,8000.0,2105.0,2024
RLT_10,10001,FIN,8002,954.0,80001,PROD,8000,2166.0,70001,RM,,2638.0,2024
RLT_10,10001,FIN,8002,954.0,80001,PROD,8000,2166.0,90010,ADD,,74.0,2024
RLT_10,10001,FIN,8002,954.0,80011,PROD,8001,1630.0,90009,ADD,,109.0,2024
RLT_10,10001,FIN,8002,954.0,80071,PROD,8007,857.0,90007,ADD,,32.0,2024
RLT_10,10001,FIN,8002,954.0,80071,PROD,8007,857.0,90008,ADD,,11.0,2024
RLT_10,10001,FIN,8002,954.0,50001,PROD,8002,757.0,90005,ADD,,50.00000000000001,2024
RLT_10,10001,FIN,8002,954.0,50001,PROD,8002,757.0,90006,ADD,,19.0,2024
RLT_10,10000,FIN,8002,906.0000000000001,50000,PROD,8002,826.0,80070,PROD,8007.0,993.0,2024
RLT_10,10000,FIN,8002,906.0000000000001,80070,PROD,8007,905.0,80010,PROD,8001.0,3576.0,2024
RLT_10,10000,FIN,8002,906.0000000000001,80010,PROD,8001,1730.0,80000,PROD,8000.0,1910.0,2024
RLT_10,10000,FIN,8002,906.0000000000001,80000,PROD,8000,1830.0,70000,RM,,2344.0,2024
RLT_10,10000,FIN,8002,906.0000000000001,80000,PROD,8000,1830.0,90005,ADD,,71.0,2024
RLT_10,10000,FIN,8002,906.0000000000001,80010,PROD,8001,1730.0,90004,ADD,,98.0,2024
RLT_10,10000,FIN,8002,906.0000000000001,80070,PROD,8007,905.0,90002,ADD,,32.0,2024
RLT_10,10000,FIN,8002,906.0000000000001,80070,PROD,8007,905.0,90003,ADD,,10.0,2024
RLT_10,10000,FIN,8002,906.0000000000001,50000,PROD,8002,826.0,90000,ADD,,52.0,2024
RLT_10,10000,FIN,8002,906.0000000000001,50000,PROD,8002,826.0,90001,ADD,,20.0,2024
RLT_10,10001,FIN,8002,901.0,50001,PROD,8002,764.0,80071,PROD,8007.0,984.0000000000001,2024
RLT_10,10001,FIN,8002,901.0,80071,PROD,8007,988.0,80011,PROD,8001.0,3802.9999999999995,2024
RLT_10,10001,FIN,8002,901.0,80011,PROD,8001,1772.0,80001,PROD,8000.0,2364.0,2024
RLT_10,10001,FIN,8002,901.0,80001,PROD,8000,2185.0,70001,RM,,2117.0,2024
RLT_10,10001,FIN,8002,901.0,80001,PROD,8000,2185.0,90010,ADD,,68.0,2024
RLT_10,10001,FIN,8002,901.0,80011,PROD,8001,1772.0,90009,ADD,,98.0,2024
RLT_10,10001,FIN,8002,901.0,80071,PROD,8007,988.0,90007,ADD,,32.0,2024
RLT_10,10001,FIN,8002,901.0,80071,PROD,8007,988.0,90008,ADD,,11.0,2024
RLT_10,10001,FIN,8002,901.0,50001,PROD,8002,764.0,90005,ADD,,45.0,2024
RLT_10,10001,FIN,8002,901.0,50001,PROD,8002,764.0,90006,ADD,,20.0,2024
RLT_10,10000,FIN,8002,983.0,50000,PROD,8002,796.0,80070,PROD,8007.0,972.0,2024
RLT_10,10000,FIN,8002,983.0,80070,PROD,8007,900.0,80010,PROD,8001.0,3951.0,2024
RLT_10,10000,FIN,8002,983.0,80010,PROD,8001,1963.0,80000,PROD,8000.0,1974.0,2024
RLT_10,10000,FIN,8002,983.0,80000,PROD,8000,2157.0,70000,RM,,2451.0,2024
RLT_10,10000,FIN,8002,983.0,80000,PROD,8000,2157.0,90005,ADD,,69.0,2024
RLT_10,10000,FIN,8002,983.0,80010,PROD,8001,1963.0,90004,ADD,,109.0,2024
RLT_10,10000,FIN,8002,983.0,80070,PROD,8007,900.0,90002,ADD,,29.000000000000004,2024
RLT_10,10000,FIN,8002,983.0,80070,PROD,8007,900.0,90003,ADD,,10.0,2024
RLT_10,10000,FIN,8002,983.0,50000,PROD,8002,796.0,90000,ADD,,49.0,2024
RLT_10,10000,FIN,8002,983.0,50000,PROD,8002,796.0,90001,ADD,,19.0,2024
RLT_10,10001,FIN,8002,1054.0,50001,PROD,8002,764.0,80071,PROD,8007.0,803.0,2024
RLT_10,10001,FIN,8002,1054.0,80071,PROD,8007,870.0,80011,PROD,8001.0,3842.0,2024
RLT_10,10001,FIN,8002,1054.0,80011,PROD,8001,1773.0,80001,PROD,8000.0,2033.0,2024
RLT_10,10001,FIN,8002,1054.0,80001,PROD,8000,1944.0,70001,RM,,2641.0,2024
RLT_10,10001,FIN,8002,1054.0,80001,PROD,8000,1944.0,90010,ADD,,75.0,2024
RLT_10,10001,FIN,8002,1054.0,80011,PROD,8001,1773.0,90009,ADD,,94.0,2024
RLT_10,10001,FIN,8002,1054.0,80071,PROD,8007,870.0,90007,ADD,,32.0,2024
RLT_10,10001,FIN,8002,1054.0,80071,PROD,8007,870.0,90008,ADD,,10.0,2024
RLT_10,10001,FIN,8002,1054.0,50001,PROD,8002,764.0,90005,ADD,,49.0,2024
RLT_10,10001,FIN,8002,1054.0,50001,PROD,8002,764.0,90006,ADD,,20.0,2024
RLT_10,10000,FIN,8002,913.0,50000,PROD,8002,832.0,80070,PROD,8007.0,876.0,2024
RLT_10,10000,FIN,8002,913.0,80070,PROD,8007,821.0,80010,PROD,8001.0,3059.0,2024
RLT_10,10000,FIN,8002,913.0,80010,PROD,8001,1625.0,80000,PROD,8000.0,2198.0,2024
RLT_10,10000,FIN,8002,913.0,80000,PROD,8000,2041.0,70000,RM,,2420.0,2024
RLT_10,10000,FIN,8002,913.0,80000,PROD,8000,2041.0,90005,ADD,,68.0,2024
RLT_10,10000,FIN,8002,913.0,80010,PROD,8001,1625.0,90004,ADD,,109.0,2024
RLT_10,10000,FIN,8002,913.0,80070,PROD,8007,821.0,90002,ADD,,27.0,2024
RLT_10,10000,FIN,8002,913.0,80070,PROD,8007,821.0,90003,ADD,,10.0,2024
RLT_10,10000,FIN,8002,913.0,50000,PROD,8002,832.0,90000,ADD,,51.0,2024
RLT_10,10000,FIN,8002,913.0,50000,PROD,8002,832.0,90001,ADD,,19.0,2024
RLT_10,10001,FIN,8002,1044.0,50001,PROD,8002,747.0,80071,PROD,8007.0,942.0,2024
RLT_10,10001,FIN,8002,1044.0,80071,PROD,8007,977.0,80011,PROD,8001.0,3835.0,2024
RLT_10,10001,FIN,8002,1044.0,80011,PROD,8001,1922.0,80001,PROD,8000.0,1928.0,2024
RLT_10,10001,FIN,8002,1044.0,80001,PROD,8000,1931.0,70001,RM,,2797.0,2024
RLT_10,10001,FIN,8002,1044.0,80001,PROD,8000,1931.0,90010,ADD,,68.0,2024
RLT_10,10001,FIN,8002,1044.0,80011,PROD,8001,1922.0,90009,ADD,,99.0,2024
RLT_10,10001,FIN,8002,1044.0,80071,PROD,8007,977.0,90007,ADD,,29.000000000000004,2024
RLT_10,10001,FIN,8002,1044.0,80071,PROD,8007,977.0,90008,ADD,,10.0,2024
RLT_10,10001,FIN,8002,1044.0,50001,PROD,8002,747.0,90005,ADD,,47.0,2024
RLT_10,10001,FIN,8002,1044.0,50001,PROD,8002,747.0,90006,ADD,,19.0,2024
RLT_10,10000,FIN,8002,1006.0000000000001,50000,PROD,8002,834.0,80070,PROD,8007.0,835.0,2024
RLT_10,10000,FIN,8002,1006.0000000000001,80070,PROD,8007,870.0,80010,PROD,8001.0,3171.0,2024
RLT_10,10000,FIN,8002,1006.0000000000001,80010,PROD,8001,1706.0,80000,PROD,8000.0,1740.0,2024
RLT_10,10000,FIN,8002,1006.0000000000001,80000,PROD,8000,1845.9999999999998,70000,RM,,2182.0,2024
RLT_10,10000,FIN,8002,1006.0000000000001,80000,PROD,8000,1845.9999999999998,90005,ADD,,71.0,2024
RLT_10,10000,FIN,8002,1006.0000000000001,80010,PROD,8001,1706.0,90004,ADD,,109.0,2024
RLT_10,10000,FIN,8002,1006.0000000000001,80070,PROD,8007,870.0,90002,ADD,,27.0,2024
RLT_10,10000,FIN,8002,1006.0000000000001,80070,PROD,8007,870.0,90003,ADD,,10.0,2024
RLT_10,10000,FIN,8002,1006.0000000000001,50000,PROD,8002,834.0,90000,ADD,,48.0,2024
RLT_10,10000,FIN,8002,1006.0000000000001,50000,PROD,8002,834.0,90001,ADD,,19.0,2024
RLT_10,10001,FIN,8002,941.0,50001,PROD,8002,861.0000000000001,80071,PROD,8007.0,1018.0,2024
RLT_10,10001,FIN,8002,941.0,80071,PROD,8007,958.0,80011,PROD,8001.0,3219.0,2024
RLT_10,10001,FIN,8002,941.0,80011,PROD,8001,1707.0,80001,PROD,8000.0,2108.0,2024
RLT_10,10001,FIN,8002,941.0,80001,PROD,8000,1950.0,70001,RM,,2429.0,2024
RLT_10,10001,FIN,8002,941.0,80001,PROD,8000,1950.0,90010,ADD,,66.0,2024
RLT_10,10001,FIN,8002,941.0,80011,PROD,8001,1707.0,90009,ADD,,101.0,2024
RLT_10,10001,FIN,8002,941.0,80071,PROD,8007,958.0,90007,ADD,,32.0,2024
RLT_10,10001,FIN,8002,941.0,80071,PROD,8007,958.0,90008,ADD,,10.0,2024
RLT_10,10001,FIN,8002,941.0,50001,PROD,8002,861.0000000000001,90005,ADD,,47.0,2024
RLT_10,10001,FIN,8002,941.0,50001,PROD,8002,861.0000000000001,90006,ADD,,20.999999999999996,2024
RLT_10,10000,FIN,8002,960.0,50000,PROD,8002,810.0,80070,PROD,8007.0,933.0,2024
RLT_10,10000,FIN,8002,960.0,80070,PROD,8007,894.0,80010,PROD,8001.0,3889.0,2024
RLT_10,10000,FIN,8002,960.0,80010,PROD,8001,1803.0,80000,PROD,8000.0,1814.0,2024
RLT_10,10000,FIN,8002,960.0,80000,PROD,8000,1845.0000000000002,70000,RM,,2545.0,2024
RLT_10,10000,FIN,8002,960.0,80000,PROD,8000,1845.0000000000002,90005,ADD,,70.0,2024
RLT_10,10000,FIN,8002,960.0,80010,PROD,8001,1803.0,90004,ADD,,102.0,2024
RLT_10,10000,FIN,8002,960.0,80070,PROD,8007,894.0,90002,ADD,,31.0,2024
RLT_10,10000,FIN,8002,960.0,80070,PROD,8007,894.0,90003,ADD,,11.0,2024
RLT_10,10000,FIN,8002,960.0,50000,PROD,8002,810.0,90000,ADD,,55.0,2024
RLT_10,10000,FIN,8002,960.0,50000,PROD,8002,810.0,90001,ADD,,20.0,2024
RLT_10,10001,FIN,8002,1049.0,50001,PROD,8002,810.0,80071,PROD,8007.0,876.0,2024
RLT_10,10001,FIN,8002,1049.0,80071,PROD,8007,811.0000000000001,80011,PROD,8001.0,3890.0000000000005,2024
RLT_10,10001,FIN,8002,1049.0,80011,PROD,8001,1895.0,80001,PROD,8000.0,2103.0,2024
RLT_10,10001,FIN,8002,1049.0,80001,PROD,8000,2045.0,70001,RM,,2287.0,2024
RLT_10,10001,FIN,8002,1049.0,80001,PROD,8000,2045.0,90010,ADD,,67.0,2024
RLT_10,10001,FIN,8002,1049.0,80011,PROD,8001,1895.0,90009,ADD,,106.99999999999999,2024
RLT_10,10001,FIN,8002,1049.0,80071,PROD,8007,811.0000000000001,90007,ADD,,30.0,2024
RLT_10,10001,FIN,8002,1049.0,80071,PROD,8007,811.0000000000001,90008,ADD,,10.0,2024
RLT_10,10001,FIN,8002,1049.0,50001,PROD,8002,810.0,90005,ADD,,51.0,2024
RLT_10,10001,FIN,8002,1049.0,50001,PROD,8002,810.0,90006,ADD,,19.0,2024
RLT_10,10000,FIN,8002,955.0,50000,PROD,8002,733.0000000000001,80070,PROD,8007.0,992.0,2024
RLT_10,10000,FIN,8002,955.0,80070,PROD,8007,924.0,80010,PROD,8001.0,3178.9999999999995,2024
RLT_10,10000,FIN,8002,955.0,80010,PROD,8001,1705.0,80000,PROD,8000.0,2232.0,2024
RLT_10,10000,FIN,8002,955.0,80000,PROD,8000,2109.0,70000,RM,,2642.9999999999995,2024
RLT_10,10000,FIN,8002,955.0,80000,PROD,8000,2109.0,90005,ADD,,66.0,2024
RLT_10,10000,FIN,8002,955.0,80010,PROD,8001,1705.0,90004,ADD,,109.0,2024
RLT_10,10000,FIN,8002,955.0,80070,PROD,8007,924.0,90002,ADD,,28.0,2024
RLT_10,10000,FIN,8002,955.0,80070,PROD,8007,924.0,90003,ADD,,10.0,2024
RLT_10,10000,FIN,8002,955.0,50000,PROD,8002,733.0000000000001,90000,ADD,,48.0,2024
RLT_10,10000,FIN,8002,955.0,50000,PROD,8002,733.0000000000001,90001,ADD,,20.999999999999996,2024
RLT_10,10001,FIN,8002,949.0,50001,PROD,8002,840.0,80071,PROD,8007.0,966.0,2024
RLT_10,10001,FIN,8002,949.0,80071,PROD,8007,927.0,80011,PROD,8001.0,3601.0000000000005,2024
RLT_10,10001,FIN,8002,949.0,80011,PROD,8001,1945.9999999999998,80001,PROD,8000.0,1938.0,2024
RLT_10,10001,FIN,8002,949.0,80001,PROD,8000,1859.0,70001,RM,,2558.0,2024
RLT_10,10001,FIN,8002,949.0,80001,PROD,8000,1859.0,90010,ADD,,69.0,2024
RLT_10,10001,FIN,8002,949.0,80011,PROD,8001,1945.9999999999998,90009,ADD,,100.00000000000001,2024
RLT_10,10001,FIN,8002,949.0,80071,PROD,8007,927.0,90007,ADD,,30.0,2024
RLT_10,10001,FIN,8002,949.0,80071,PROD,8007,927.0,90008,ADD,,10.0,2024
RLT_10,10001,FIN,8002,949.0,50001,PROD,8002,840.0,90005,ADD,,49.0,2024
RLT_10,10001,FIN,8002,949.0,50001,PROD,8002,840.0,90006,ADD,,20.0,2024
RLT_10,10000,FIN,8002,1057.0,50000,PROD,8002,755.0,80070,PROD,8007.0,1007.0,2024
RLT_10,10000,FIN,8002,1057.0,80070,PROD,8007,987.0,80010,PROD,8001.0,3444.0000000000005,2024
RLT_10,10000,FIN,8002,1057.0,80010,PROD,8001,1649.0,80000,PROD,8000.0,1684.0,2024
RLT_10,10000,FIN,8002,1057.0,80000,PROD,8000,1807.0,70000,RM,,2556.0,2024
RLT_10,10000,FIN,8002,1057.0,80000,PROD,8000,1807.0,90005,ADD,,64.0,2024
RLT_10,10000,FIN,8002,1057.0,80010,PROD,8001,1649.0,90004,ADD,,98.0,2024
RLT_10,10000,FIN,8002,1057.0,80070,PROD,8007,987.0,90002,ADD,,27.0,2024
RLT_10,10000,FIN,8002,1057.0,80070,PROD,8007,987.0,90003,ADD,,9.0,2024
RLT_10,10000,FIN,8002,1057.0,50000,PROD,8002,755.0,90000,ADD,,53.0,2024
RLT_10,10000,FIN,8002,1057.0,50000,PROD,8002,755.0,90001,ADD,,20.0,2024
RLT_10,10001,FIN,8002,1081.0,50001,PROD,8002,794.0,80071,PROD,8007.0,857.0,2024
RLT_10,10001,FIN,8002,1081.0,80071,PROD,8007,849.0,80011,PROD,8001.0,3822.0,2024
RLT_10,10001,FIN,8002,1081.0,80011,PROD,8001,1780.0,80001,PROD,8000.0,2046.0000000000002,2024
RLT_10,10001,FIN,8002,1081.0,80001,PROD,8000,2181.0,70001,RM,,2523.0,2024
RLT_10,10001,FIN,8002,1081.0,80001,PROD,8000,2181.0,90010,ADD,,65.0,2024
RLT_10,10001,FIN,8002,1081.0,80011,PROD,8001,1780.0,90009,ADD,,102.0,2024
RLT_10,10001,FIN,8002,1081.0,80071,PROD,8007,849.0,90007,ADD,,27.0,2024
RLT_10,10001,FIN,8002,1081.0,80071,PROD,8007,849.0,90008,ADD,,9.0,2024
RLT_10,10001,FIN,8002,1081.0,50001,PROD,8002,794.0,90005,ADD,,51.0,2024
RLT_10,10001,FIN,8002,1081.0,50001,PROD,8002,794.0,90006,ADD,,20.999999999999996,2024
RLT_14,10002,FIN,8002,1032.0,50002,PROD,8002,790.0,80072,PROD,8007.0,928.0000000000001,2024
RLT_14,10002,FIN,8002,1032.0,80072,PROD,8007,868.0,80012,PROD,8001.0,3471.0,2024
RLT_14,10002,FIN,8002,1032.0,80012,PROD,8001,1825.0,80002,PROD,8000.0,2301.0,2024
RLT_14,10002,FIN,8002,1032.0,80002,PROD,8000,2136.0,70002,RM,,2860.0,2024
RLT_14,10002,FIN,8002,1032.0,80002,PROD,8000,2136.0,90015,ADD,,70.0,2024
RLT_14,10002,FIN,8002,1032.0,80012,PROD,8001,1825.0,90014,ADD,,92.0,2024
RLT_14,10002,FIN,8002,1032.0,80072,PROD,8007,868.0,90012,ADD,,32.0,2024
RLT_14,10002,FIN,8002,1032.0,80072,PROD,8007,868.0,90013,ADD,,9.0,2024
RLT_14,10002,FIN,8002,1032.0,50002,PROD,8002,790.0,90010,ADD,,52.0,2024
RLT_14,10002,FIN,8002,1032.0,50002,PROD,8002,790.0,90011,ADD,,18.0,2024
RLT_14,10003,FIN,8002,1030.0,50003,PROD,8002,819.0,80073,PROD,8007.0,976.0,2024
RLT_14,10003,FIN,8002,1030.0,80073,PROD,8007,963.0,80013,PROD,8001.0,3475.0,2024
RLT_14,10003,FIN,8002,1030.0,80013,PROD,8001,1897.0,80003,PROD,8000.0,1688.0,2024
RLT_14,10003,FIN,8002,1030.0,80003,PROD,8000,1803.0,70003,RM,,2522.0,2024
RLT_14,10003,FIN,8002,1030.0,80003,PROD,8000,1803.0,90020,ADD,,66.0,2024
RLT_14,10003,FIN,8002,1030.0,80013,PROD,8001,1897.0,90019,ADD,,97.0,2024
RLT_14,10003,FIN,8002,1030.0,80073,PROD,8007,963.0,90017,ADD,,28.0,2024
RLT_14,10003,FIN,8002,1030.0,80073,PROD,8007,963.0,90018,ADD,,10.0,2024
RLT_14,10003,FIN,8002,1030.0,50003,PROD,8002,819.0,90015,ADD,,54.0,2024
RLT_14,10003,FIN,8002,1030.0,50003,PROD,8002,819.0,90016,ADD,,20.999999999999996,2024
RLT_14,10004,FIN,8002,1030.0,50004,PROD,8002,819.0,80074,PROD,8007.0,976.0,2024
RLT_14,10004,FIN,8002,1030.0,80074,PROD,8007,963.0,80014,PROD,8001.0,3475.0,2024
RLT_14,10004,FIN,8002,1030.0,80014,PROD,8001,1897.0,80004,PROD,8000.0,1688.0,2024
RLT_14,10004,FIN,8002,1030.0,80004,PROD,8000,1803.0,70004,RM,,2522.0,2024
RLT_14,10004,FIN,8002,1030.0,80004,PROD,8000,1803.0,90025,ADD,,66.0,2024
RLT_14,10004,FIN,8002,1030.0,80014,PROD,8001,1897.0,90024,ADD,,97.0,2024
RLT_14,10004,FIN,8002,1030.0,80074,PROD,8007,963.0,90022,ADD,,28.0,2024
RLT_14,10004,FIN,8002,1030.0,80074,PROD,8007,963.0,90023,ADD,,10.0,2024
RLT_14,10004,FIN,8002,1030.0,50004,PROD,8002,819.0,90020,ADD,,54.0,2024
RLT_14,10004,FIN,8002,1030.0,50004,PROD,8002,819.0,90021,ADD,,20.999999999999996,2024
RLT_14,10005,FIN,8002,975.0,50005,PROD,8002,738.9999999999999,80075,PROD,8007.0,808.0,2024
RLT_14,10005,FIN,8002,975.0,80075,PROD,8007,897.0,80015,PROD,8001.0,3541.0,2024
RLT_14,10005,FIN,8002,975.0,80015,PROD,8001,1670.0,80005,PROD,8000.0,1909.0,2024
RLT_14,10005,FIN,8002,975.0,80005,PROD,8000,1904.0,70005,RM,,2803.0,2024
RLT_14,10005,FIN,8002,975.0,80005,PROD,8000,1904.0,90030,ADD,,72.0,2024
RLT_14,10005,FIN,8002,975.0,80015,PROD,8001,1670.0,90029,ADD,,96.0,2024
RLT_14,10005,FIN,8002,975.0,80075,PROD,8007,897.0,90027,ADD,,29.000000000000004,2024
RLT_14,10005,FIN,8002,975.0,80075,PROD,8007,897.0,90028,ADD,,11.0,2024
RLT_14,10005,FIN,8002,975.0,50005,PROD,8002,738.9999999999999,90025,ADD,,49.0,2024
RLT_14,10005,FIN,8002,975.0,50005,PROD,8002,738.9999999999999,90026,ADD,,20.999999999999996,2024
RLT_14,10006,FIN,8002,1032.0,50006,PROD,8002,790.0,80076,PROD,8007.0,928.0000000000001,2024
RLT_14,10006,FIN,8002,1032.0,80076,PROD,8007,868.0,80016,PROD,8001.0,3471.0,2024
RLT_14,10006,FIN,8002,1032.0,80016,PROD,8001,1825.0,80006,PROD,8000.0,2301.0,2024
RLT_14,10006,FIN,8002,1032.0,80006,PROD,8000,2136.0,70006,RM,,2860.0,2024
RLT_14,10006,FIN,8002,1032.0,80006,PROD,8000,2136.0,90035,ADD,,70.0,2024
RLT_14,10006,FIN,8002,1032.0,80016,PROD,8001,1825.0,90034,ADD,,92.0,2024
RLT_14,10006,FIN,8002,1032.0,80076,PROD,8007,868.0,90032,ADD,,32.0,2024
RLT_14,10006,FIN,8002,1032.0,80076,PROD,8007,868.0,90033,ADD,,9.0,2024
RLT_14,10006,FIN,8002,1032.0,50006,PROD,8002,790.0,90030,ADD,,52.0,2024
RLT_14,10006,FIN,8002,1032.0,50006,PROD,8002,790.0,90031,ADD,,18.0,2024
RLT_14,10009,FIN,8002,975.0,50009,PROD,8002,738.9999999999999,80079,PROD,8007.0,808.0,2024
RLT_14,10009,FIN,8002,975.0,80079,PROD,8007,897.0,80019,PROD,8001.0,3541.0,2024
RLT_14,10009,FIN,8002,975.0,80019,PROD,8001,1670.0,80009,PROD,8000.0,1909.0,2024
RLT_14,10009,FIN,8002,975.0,80009,PROD,8000,1904.0,70009,RM,,2803.0,2024
RLT_14,10009,FIN,8002,975.0,80009,PROD,8000,1904.0,90050,ADD,,72.0,2024
RLT_14,10009,FIN,8002,975.0,80019,PROD,8001,1670.0,90049,ADD,,96.0,2024
RLT_14,10009,FIN,8002,975.0,80079,PROD,8007,897.0,90047,ADD,,29.000000000000004,2024
RLT_14,10009,FIN,8002,975.0,80079,PROD,8007,897.0,90048,ADD,,11.0,2024
RLT_14,10009,FIN,8002,975.0,50009,PROD,8002,738.9999999999999,90045,ADD,,49.0,2024
RLT_14,10009,FIN,8002,975.0,50009,PROD,8002,738.9999999999999,90046,ADD,,20.999999999999996,2024
RLT_14,10002,FIN,8002,1084.0,50002,PROD,8002,872.9999999999999,80072,PROD,8007.0,872.9999999999999,2024
RLT_14,10002,FIN,8002,1084.0,80072,PROD,8007,815.0,80012,PROD,8001.0,3812.0,2024
RLT_14,10002,FIN,8002,1084.0,80012,PROD,8001,1820.0,80002,PROD,8000.0,1828.0,2024
RLT_14,10002,FIN,8002,1084.0,80002,PROD,8000,1825.0,70002,RM,,2175.0,2024
RLT_14,10002,FIN,8002,1084.0,80002,PROD,8000,1825.0,90015,ADD,,74.0,2024
RLT_14,10002,FIN,8002,1084.0,80012,PROD,8001,1820.0,90014,ADD,,99.0,2024
RLT_14,10002,FIN,8002,1084.0,80072,PROD,8007,815.0,90012,ADD,,29.000000000000004,2024
RLT_14,10002,FIN,8002,1084.0,80072,PROD,8007,815.0,90013,ADD,,11.0,2024
RLT_14,10002,FIN,8002,1084.0,50002,PROD,8002,872.9999999999999,90010,ADD,,52.0,2024
RLT_14,10002,FIN,8002,1084.0,50002,PROD,8002,872.9999999999999,90011,ADD,,20.0,2024
RLT_14,10003,FIN,8002,950.9999999999999,50003,PROD,8002,768.0,80073,PROD,8007.0,783.0000000000001,2024
RLT_14,10003,FIN,8002,950.9999999999999,80073,PROD,8007,860.0,80013,PROD,8001.0,4022.0,2024
RLT_14,10003,FIN,8002,950.9999999999999,80013,PROD,8001,1926.0,80003,PROD,8000.0,1985.0,2024
RLT_14,10003,FIN,8002,950.9999999999999,80003,PROD,8000,1867.9999999999998,70003,RM,,2561.0,2024
RLT_14,10003,FIN,8002,950.9999999999999,80003,PROD,8000,1867.9999999999998,90020,ADD,,70.0,2024
RLT_14,10003,FIN,8002,950.9999999999999,80013,PROD,8001,1926.0,90019,ADD,,106.0,2024
RLT_14,10003,FIN,8002,950.9999999999999,80073,PROD,8007,860.0,90017,ADD,,32.0,2024
RLT_14,10003,FIN,8002,950.9999999999999,80073,PROD,8007,860.0,90018,ADD,,10.0,2024
RLT_14,10003,FIN,8002,950.9999999999999,50003,PROD,8002,768.0,90015,ADD,,51.0,2024
RLT_14,10003,FIN,8002,950.9999999999999,50003,PROD,8002,768.0,90016,ADD,,22.0,2024
RLT_14,10004,FIN,8002,950.9999999999999,50004,PROD,8002,768.0,80074,PROD,8007.0,783.0000000000001,2024
RLT_14,10004,FIN,8002,950.9999999999999,80074,PROD,8007,860.0,80014,PROD,8001.0,4022.0,2024
RLT_14,10004,FIN,8002,950.9999999999999,80014,PROD,8001,1926.0,80004,PROD,8000.0,1985.0,2024
RLT_14,10004,FIN,8002,950.9999999999999,80004,PROD,8000,1867.9999999999998,70004,RM,,2561.0,2024
RLT_14,10004,FIN,8002,950.9999999999999,80004,PROD,8000,1867.9999999999998,90025,ADD,,70.0,2024
RLT_14,10004,FIN,8002,950.9999999999999,80014,PROD,8001,1926.0,90024,ADD,,106.0,2024
RLT_14,10004,FIN,8002,950.9999999999999,80074,PROD,8007,860.0,90022,ADD,,32.0,2024
RLT_14,10004,FIN,8002,950.9999999999999,80074,PROD,8007,860.0,90023,ADD,,10.0,2024
RLT_14,10004,FIN,8002,950.9999999999999,50004,PROD,8002,768.0,90020,ADD,,51.0,2024
RLT_14,10004,FIN,8002,950.9999999999999,50004,PROD,8002,768.0,90021,ADD,,22.0,2024
RLT_14,10005,FIN,8002,1050.0,50005,PROD,8002,811.0000000000001,80075,PROD,8007.0,879.0,2024
RLT_14,10005,FIN,8002,1050.0,80075,PROD,8007,875.0,80015,PROD,8001.0,3021.0000000000005,2024
RLT_14,10005,FIN,8002,1050.0,80015,PROD,8001,1635.0,80005,PROD,8000.0,2130.0,2024
RLT_14,10005,FIN,8002,1050.0,80005,PROD,8000,2144.0,70005,RM,,2538.0,2024
RLT_14,10005,FIN,8002,1050.0,80005,PROD,8000,2144.0,90030,ADD,,73.0,2024
RLT_14,10005,FIN,8002,1050.0,80015,PROD,8001,1635.0,90029,ADD,,106.99999999999999,2024
RLT_14,10005,FIN,8002,1050.0,80075,PROD,8007,875.0,90027,ADD,,29.000000000000004,2024
RLT_14,10005,FIN,8002,1050.0,80075,PROD,8007,875.0,90028,ADD,,11.0,2024
RLT_14,10005,FIN,8002,1050.0,50005,PROD,8002,811.0000000000001,90025,ADD,,48.0,2024
RLT_14,10005,FIN,8002,1050.0,50005,PROD,8002,811.0000000000001,90026,ADD,,20.0,2024
RLT_14,10006,FIN,8002,1084.0,50006,PROD,8002,872.9999999999999,80076,PROD,8007.0,872.9999999999999,2024
RLT_14,10006,FIN,8002,1084.0,80076,PROD,8007,815.0,80016,PROD,8001.0,3812.0,2024
RLT_14,10006,FIN,8002,1084.0,80016,PROD,8001,1820.0,80006,PROD,8000.0,1828.0,2024
RLT_14,10006,FIN,8002,1084.0,80006,PROD,8000,1825.0,70006,RM,,2175.0,2024
RLT_14,10006,FIN,8002,1084.0,80006,PROD,8000,1825.0,90035,ADD,,74.0,2024
RLT_14,10006,FIN,8002,1084.0,80016,PROD,8001,1820.0,90034,ADD,,99.0,2024
RLT_14,10006,FIN,8002,1084.0,80076,PROD,8007,815.0,90032,ADD,,29.000000000000004,2024
RLT_14,10006,FIN,8002,1084.0,80076,PROD,8007,815.0,90033,ADD,,11.0,2024
RLT_14,10006,FIN,8002,1084.0,50006,PROD,8002,872.9999999999999,90030,ADD,,52.0,2024
RLT_14,10006,FIN,8002,1084.0,50006,PROD,8002,872.9999999999999,90031,ADD,,20.0,2024
RLT_14,10009,FIN,8002,1050.0,50009,PROD,8002,811.0000000000001,80079,PROD,8007.0,879.0,2024
RLT_14,10009,FIN,8002,1050.0,80079,PROD,8007,875.0,80019,PROD,8001.0,3021.0000000000005,2024
RLT_14,10009,FIN,8002,1050.0,80019,PROD,8001,1635.0,80009,PROD,8000.0,2130.0,2024
RLT_14,10009,FIN,8002,1050.0,80009,PROD,8000,2144.0,70009,RM,,2538.0,2024
RLT_14,10009,FIN,8002,1050.0,80009,PROD,8000,2144.0,90050,ADD,,73.0,2024
RLT_14,10009,FIN,8002,1050.0,80019,PROD,8001,1635.0,90049,ADD,,106.99999999999999,2024
RLT_14,10009,FIN,8002,1050.0,80079,PROD,8007,875.0,90047,ADD,,29.000000000000004,2024
RLT_14,10009,FIN,8002,1050.0,80079,PROD,8007,875.0,90048,ADD,,11.0,2024
RLT_14,10009,FIN,8002,1050.0,50009,PROD,8002,811.0000000000001,90045,ADD,,48.0,2024
RLT_14,10009,FIN,8002,1050.0,50009,PROD,8002,811.0000000000001,90046,ADD,,20.0,2024
RLT_14,10002,FIN,8002,1005.0,50002,PROD,8002,864.0,80072,PROD,8007.0,865.0,2024
RLT_14,10002,FIN,8002,1005.0,80072,PROD,8007,896.0,80012,PROD,8001.0,3058.0,2024
RLT_14,10002,FIN,8002,1005.0,80012,PROD,8001,1647.0,80002,PROD,8000.0,1826.0,2024
RLT_14,10002,FIN,8002,1005.0,80002,PROD,8000,1945.0000000000002,70002,RM,,2467.0,2024
RLT_14,10002,FIN,8002,1005.0,80002,PROD,8000,1945.0000000000002,90015,ADD,,67.0,2024
RLT_14,10002,FIN,8002,1005.0,80012,PROD,8001,1647.0,90014,ADD,,101.0,2024
RLT_14,10002,FIN,8002,1005.0,80072,PROD,8007,896.0,90012,ADD,,28.0,2024
RLT_14,10002,FIN,8002,1005.0,80072,PROD,8007,896.0,90013,ADD,,10.0,2024
RLT_14,10002,FIN,8002,1005.0,50002,PROD,8002,864.0,90010,ADD,,49.0,2024
RLT_14,10002,FIN,8002,1005.0,50002,PROD,8002,864.0,90011,ADD,,20.0,2024
RLT_14,10003,FIN,8002,1089.0,50003,PROD,8002,844.0,80073,PROD,8007.0,941.0,2024
RLT_14,10003,FIN,8002,1089.0,80073,PROD,8007,905.0,80013,PROD,8001.0,3641.0,2024
RLT_14,10003,FIN,8002,1089.0,80013,PROD,8001,1820.0,80003,PROD,8000.0,1885.0,2024
RLT_14,10003,FIN,8002,1089.0,80003,PROD,8000,1923.0000000000002,70003,RM,,2328.0,2024
RLT_14,10003,FIN,8002,1089.0,80003,PROD,8000,1923.0000000000002,90020,ADD,,68.0,2024
RLT_14,10003,FIN,8002,1089.0,80013,PROD,8001,1820.0,90019,ADD,,108.0,2024
RLT_14,10003,FIN,8002,1089.0,80073,PROD,8007,905.0,90017,ADD,,32.0,2024
RLT_14,10003,FIN,8002,1089.0,80073,PROD,8007,905.0,90018,ADD,,10.0,2024
RLT_14,10003,FIN,8002,1089.0,50003,PROD,8002,844.0,90015,ADD,,55.0,2024
RLT_14,10003,FIN,8002,1089.0,50003,PROD,8002,844.0,90016,ADD,,22.0,2024
RLT_14,10004,FIN,8002,1089.0,50004,PROD,8002,844.0,80074,PROD,8007.0,941.0,2024
RLT_14,10004,FIN,8002,1089.0,80074,PROD,8007,905.0,80014,PROD,8001.0,3641.0,2024
RLT_14,10004,FIN,8002,1089.0,80014,PROD,8001,1820.0,80004,PROD,8000.0,1885.0,2024
RLT_14,10004,FIN,8002,1089.0,80004,PROD,8000,1923.0000000000002,70004,RM,,2328.0,2024
RLT_14,10004,FIN,8002,1089.0,80004,PROD,8000,1923.0000000000002,90025,ADD,,68.0,2024
RLT_14,10004,FIN,8002,1089.0,80014,PROD,8001,1820.0,90024,ADD,,108.0,2024
RLT_14,10004,FIN,8002,1089.0,80074,PROD,8007,905.0,90022,ADD,,32.0,2024
RLT_14,10004,FIN,8002,1089.0,80074,PROD,8007,905.0,90023,ADD,,10.0,2024
RLT_14,10004,FIN,8002,1089.0,50004,PROD,8002,844.0,90020,ADD,,55.0,2024
RLT_14,10004,FIN,8002,1089.0,50004,PROD,8002,844.0,90021,ADD,,22.0,2024
RLT_14,10005,FIN,8002,955.0,50005,PROD,8002,795.0,80075,PROD,8007.0,818.0,2024
RLT_14,10005,FIN,8002,955.0,80075,PROD,8007,894.0,80015,PROD,8001.0,3359.0,2024
RLT_14,10005,FIN,8002,955.0,80015,PROD,8001,1708.0,80005,PROD,8000.0,2035.0000000000002,2024
RLT_14,10005,FIN,8002,955.0,80005,PROD,8000,1854.0,70005,RM,,2677.0,2024
RLT_14,10005,FIN,8002,955.0,80005,PROD,8000,1854.0,90030,ADD,,68.0,2024
RLT_14,10005,FIN,8002,955.0,80015,PROD,8001,1708.0,90029,ADD,,90.99999999999999,2024
RLT_14,10005,FIN,8002,955.0,80075,PROD,8007,894.0,90027,ADD,,33.0,2024
RLT_14,10005,FIN,8002,955.0,80075,PROD,8007,894.0,90028,ADD,,9.0,2024
RLT_14,10005,FIN,8002,955.0,50005,PROD,8002,795.0,90025,ADD,,46.0,2024
RLT_14,10005,FIN,8002,955.0,50005,PROD,8002,795.0,90026,ADD,,20.0,2024
RLT_14,10006,FIN,8002,1005.0,50006,PROD,8002,864.0,80076,PROD,8007.0,865.0,2024
RLT_14,10006,FIN,8002,1005.0,80076,PROD,8007,896.0,80016,PROD,8001.0,3058.0,2024
RLT_14,10006,FIN,8002,1005.0,80016,PROD,8001,1647.0,80006,PROD,8000.0,1826.0,2024
RLT_14,10006,FIN,8002,1005.0,80006,PROD,8000,1945.0000000000002,70006,RM,,2467.0,2024
RLT_14,10006,FIN,8002,1005.0,80006,PROD,8000,1945.0000000000002,90035,ADD,,67.0,2024
RLT_14,10006,FIN,8002,1005.0,80016,PROD,8001,1647.0,90034,ADD,,101.0,2024
RLT_14,10006,FIN,8002,1005.0,80076,PROD,8007,896.0,90032,ADD,,28.0,2024
RLT_14,10006,FIN,8002,1005.0,80076,PROD,8007,896.0,90033,ADD,,10.0,2024
RLT_14,10006,FIN,8002,1005.0,50006,PROD,8002,864.0,90030,ADD,,49.0,2024
RLT_14,10006,FIN,8002,1005.0,50006,PROD,8002,864.0,90031,ADD,,20.0,2024
RLT_14,10009,FIN,8002,955.0,50009,PROD,8002,795.0,80079,PROD,8007.0,818.0,2024
RLT_14,10009,FIN,8002,955.0,80079,PROD,8007,894.0,80019,PROD,8001.0,3359.0,2024
RLT_14,10009,FIN,8002,955.0,80019,PROD,8001,1708.0,80009,PROD,8000.0,2035.0000000000002,2024
RLT_14,10009,FIN,8002,955.0,80009,PROD,8000,1854.0,70009,RM,,2677.0,2024
RLT_14,10009,FIN,8002,955.0,80009,PROD,8000,1854.0,90050,ADD,,68.0,2024
RLT_14,10009,FIN,8002,955.0,80019,PROD,8001,1708.0,90049,ADD,,90.99999999999999,2024
RLT_14,10009,FIN,8002,955.0,80079,PROD,8007,894.0,90047,ADD,,33.0,2024
RLT_14,10009,FIN,8002,955.0,80079,PROD,8007,894.0,90048,ADD,,9.0,2024
RLT_14,10009,FIN,8002,955.0,50009,PROD,8002,795.0,90045,ADD,,46.0,2024
RLT_14,10009,FIN,8002,955.0,50009,PROD,8002,795.0,90046,ADD,,20.0,2024
RLT_14,10002,FIN,8002,984.0000000000001,50002,PROD,8002,774.0,80072,PROD,8007.0,917.0000000000001,2024
RLT_14,10002,FIN,8002,984.0000000000001,80072,PROD,8007,859.0,80012,PROD,8001.0,3312.9999999999995,2024
RLT_14,10002,FIN,8002,984.0000000000001,80012,PROD,8001,1755.0,80002,PROD,8000.0,2106.0,2024
RLT_14,10002,FIN,8002,984.0000000000001,80002,PROD,8000,2023.0,70002,RM,,2525.0,2024
RLT_14,10002,FIN,8002,984.0000000000001,80002,PROD,8000,2023.0,90015,ADD,,76.0,2024
RLT_14,10002,FIN,8002,984.0000000000001,80012,PROD,8001,1755.0,90014,ADD,,106.99999999999999,2024
RLT_14,10002,FIN,8002,984.0000000000001,80072,PROD,8007,859.0,90012,ADD,,30.0,2024
RLT_14,10002,FIN,8002,984.0000000000001,80072,PROD,8007,859.0,90013,ADD,,9.0,2024
RLT_14,10002,FIN,8002,984.0000000000001,50002,PROD,8002,774.0,90010,ADD,,46.0,2024
RLT_14,10002,FIN,8002,984.0000000000001,50002,PROD,8002,774.0,90011,ADD,,19.0,2024
RLT_14,10003,FIN,8002,1047.0,50003,PROD,8002,780.0,80073,PROD,8007.0,878.0000000000001,2024
RLT_14,10003,FIN,8002,1047.0,80073,PROD,8007,842.0,80013,PROD,8001.0,3353.0,2024
RLT_14,10003,FIN,8002,1047.0,80013,PROD,8001,1749.0,80003,PROD,8000.0,1940.0,2024
RLT_14,10003,FIN,8002,1047.0,80003,PROD,8000,2049.0,70003,RM,,2643.9999999999995,2024
RLT_14,10003,FIN,8002,1047.0,80003,PROD,8000,2049.0,90020,ADD,,76.0,2024
RLT_14,10003,FIN,8002,1047.0,80013,PROD,8001,1749.0,90019,ADD,,102.0,2024
RLT_14,10003,FIN,8002,1047.0,80073,PROD,8007,842.0,90017,ADD,,30.0,2024
RLT_14,10003,FIN,8002,1047.0,80073,PROD,8007,842.0,90018,ADD,,10.0,2024
RLT_14,10003,FIN,8002,1047.0,50003,PROD,8002,780.0,90015,ADD,,51.0,2024
RLT_14,10003,FIN,8002,1047.0,50003,PROD,8002,780.0,90016,ADD,,22.0,2024
RLT_14,10004,FIN,8002,1047.0,50004,PROD,8002,780.0,80074,PROD,8007.0,878.0000000000001,2024
RLT_14,10004,FIN,8002,1047.0,80074,PROD,8007,842.0,80014,PROD,8001.0,3353.0,2024
RLT_14,10004,FIN,8002,1047.0,80014,PROD,8001,1749.0,80004,PROD,8000.0,1940.0,2024
RLT_14,10004,FIN,8002,1047.0,80004,PROD,8000,2049.0,70004,RM,,2643.9999999999995,2024
RLT_14,10004,FIN,8002,1047.0,80004,PROD,8000,2049.0,90025,ADD,,76.0,2024
RLT_14,10004,FIN,8002,1047.0,80014,PROD,8001,1749.0,90024,ADD,,102.0,2024
RLT_14,10004,FIN,8002,1047.0,80074,PROD,8007,842.0,90022,ADD,,30.0,2024
RLT_14,10004,FIN,8002,1047.0,80074,PROD,8007,842.0,90023,ADD,,10.0,2024
RLT_14,10004,FIN,8002,1047.0,50004,PROD,8002,780.0,90020,ADD,,51.0,2024
RLT_14,10004,FIN,8002,1047.0,50004,PROD,8002,780.0,90021,ADD,,22.0,2024
RLT_14,10005,FIN,8002,1070.0,50005,PROD,8002,805.0,80075,PROD,8007.0,927.0,2024
RLT_14,10005,FIN,8002,1070.0,80075,PROD,8007,848.0,80015,PROD,8001.0,3446.9999999999995,2024
RLT_14,10005,FIN,8002,1070.0,80015,PROD,8001,1862.0,80005,PROD,8000.0,2031.0,2024
RLT_14,10005,FIN,8002,1070.0,80005,PROD,8000,2075.0,70005,RM,,2616.0,2024
RLT_14,10005,FIN,8002,1070.0,80005,PROD,8000,2075.0,90030,ADD,,65.0,2024
RLT_14,10005,FIN,8002,1070.0,80015,PROD,8001,1862.0,90029,ADD,,110.0,2024
RLT_14,10005,FIN,8002,1070.0,80075,PROD,8007,848.0,90027,ADD,,30.0,2024
RLT_14,10005,FIN,8002,1070.0,80075,PROD,8007,848.0,90028,ADD,,10.0,2024
RLT_14,10005,FIN,8002,1070.0,50005,PROD,8002,805.0,90025,ADD,,53.0,2024
RLT_14,10005,FIN,8002,1070.0,50005,PROD,8002,805.0,90026,ADD,,20.0,2024
RLT_14,10006,FIN,8002,984.0000000000001,50006,PROD,8002,774.0,80076,PROD,8007.0,917.0000000000001,2024
RLT_14,10006,FIN,8002,984.0000000000001,80076,PROD,8007,859.0,80016,PROD,8001.0,3312.9999999999995,2024
RLT_14,10006,FIN,8002,984.0000000000001,80016,PROD,8001,1755.0,80006,PROD,8000.0,2106.0,2024
RLT_14,10006,FIN,8002,984.0000000000001,80006,PROD,8000,2023.0,70006,RM,,2525.0,2024
RLT_14,10006,FIN,8002,984.0000000000001,80006,PROD,8000,2023.0,90035,ADD,,76.0,2024
RLT_14,10006,FIN,8002,984.0000000000001,80016,PROD,8001,1755.0,90034,ADD,,106.99999999999999,2024
RLT_14,10006,FIN,8002,984.0000000000001,80076,PROD,8007,859.0,90032,ADD,,30.0,2024
RLT_14,10006,FIN,8002,984.0000000000001,80076,PROD,8007,859.0,90033,ADD,,9.0,2024
RLT_14,10006,FIN,8002,984.0000000000001,50006,PROD,8002,774.0,90030,ADD,,46.0,2024
RLT_14,10006,FIN,8002,984.0000000000001,50006,PROD,8002,774.0,90031,ADD,,19.0,2024
RLT_14,10009,FIN,8002,1070.0,50009,PROD,8002,805.0,80079,PROD,8007.0,927.0,2024
RLT_14,10009,FIN,8002,1070.0,80079,PROD,8007,848.0,80019,PROD,8001.0,3446.9999999999995,2024
RLT_14,10009,FIN,8002,1070.0,80019,PROD,8001,1862.0,80009,PROD,8000.0,2031.0,2024
RLT_14,10009,FIN,8002,1070.0,80009,PROD,8000,2075.0,70009,RM,,2616.0,2024
RLT_14,10009,FIN,8002,1070.0,80009,PROD,8000,2075.0,90050,ADD,,65.0,2024
RLT_14,10009,FIN,8002,1070.0,80019,PROD,8001,1862.0,90049,ADD,,110.0,2024
RLT_14,10009,FIN,8002,1070.0,80079,PROD,8007,848.0,90047,ADD,,30.0,2024
RLT_14,10009,FIN,8002,1070.0,80079,PROD,8007,848.0,90048,ADD,,10.0,2024
RLT_14,10009,FIN,8002,1070.0,50009,PROD,8002,805.0,90045,ADD,,53.0,2024
RLT_14,10009,FIN,8002,1070.0,50009,PROD,8002,805.0,90046,ADD,,20.0,2024
RLT_14,10002,FIN,8002,1005.0,50002,PROD,8002,851.0,80072,PROD,8007.0,970.0,2024
RLT_14,10002,FIN,8002,1005.0,80072,PROD,8007,924.0,80012,PROD,8001.0,3064.0,2024
RLT_14,10002,FIN,8002,1005.0,80012,PROD,8001,1665.0,80002,PROD,8000.0,2127.0,2024
RLT_14,10002,FIN,8002,1005.0,80002,PROD,8000,2063.0,70002,RM,,2372.0,2024
RLT_14,10002,FIN,8002,1005.0,80002,PROD,8000,2063.0,90015,ADD,,73.0,2024
RLT_14,10002,FIN,8002,1005.0,80012,PROD,8001,1665.0,90014,ADD,,104.0,2024
RLT_14,10002,FIN,8002,1005.0,80072,PROD,8007,924.0,90012,ADD,,33.0,2024
RLT_14,10002,FIN,8002,1005.0,80072,PROD,8007,924.0,90013,ADD,,11.0,2024
RLT_14,10002,FIN,8002,1005.0,50002,PROD,8002,851.0,90010,ADD,,52.0,2024
RLT_14,10002,FIN,8002,1005.0,50002,PROD,8002,851.0,90011,ADD,,19.0,2024
RLT_14,10003,FIN,8002,1006.0000000000001,50003,PROD,8002,830.0,80073,PROD,8007.0,883.0,2024
RLT_14,10003,FIN,8002,1006.0000000000001,80073,PROD,8007,964.0,80013,PROD,8001.0,3545.0,2024
RLT_14,10003,FIN,8002,1006.0000000000001,80013,PROD,8001,1667.0000000000002,80003,PROD,8000.0,2058.0,2024
RLT_14,10003,FIN,8002,1006.0000000000001,80003,PROD,8000,2142.0,70003,RM,,2926.0,2024
RLT_14,10003,FIN,8002,1006.0000000000001,80003,PROD,8000,2142.0,90020,ADD,,64.0,2024
RLT_14,10003,FIN,8002,1006.0000000000001,80013,PROD,8001,1667.0000000000002,90019,ADD,,106.99999999999999,2024
RLT_14,10003,FIN,8002,1006.0000000000001,80073,PROD,8007,964.0,90017,ADD,,32.0,2024
RLT_14,10003,FIN,8002,1006.0000000000001,80073,PROD,8007,964.0,90018,ADD,,9.0,2024
RLT_14,10003,FIN,8002,1006.0000000000001,50003,PROD,8002,830.0,90015,ADD,,47.0,2024
RLT_14,10003,FIN,8002,1006.0000000000001,50003,PROD,8002,830.0,90016,ADD,,19.0,2024
RLT_14,10004,FIN,8002,1006.0000000000001,50004,PROD,8002,830.0,80074,PROD,8007.0,883.0,2024
RLT_14,10004,FIN,8002,1006.0000000000001,80074,PROD,8007,964.0,80014,PROD,8001.0,3545.0,2024
RLT_14,10004,FIN,8002,1006.0000000000001,80014,PROD,8001,1667.0000000000002,80004,PROD,8000.0,2058.0,2024
RLT_14,10004,FIN,8002,1006.0000000000001,80004,PROD,8000,2142.0,70004,RM,,2926.0,2024
RLT_14,10004,FIN,8002,1006.0000000000001,80004,PROD,8000,2142.0,90025,ADD,,64.0,2024
RLT_14,10004,FIN,8002,1006.0000000000001,80014,PROD,8001,1667.0000000000002,90024,ADD,,106.99999999999999,2024
RLT_14,10004,FIN,8002,1006.0000000000001,80074,PROD,8007,964.0,90022,ADD,,32.0,2024
RLT_14,10004,FIN,8002,1006.0000000000001,80074,PROD,8007,964.0,90023,ADD,,9.0,2024
RLT_14,10004,FIN,8002,1006.0000000000001,50004,PROD,8002,830.0,90020,ADD,,47.0,2024
RLT_14,10004,FIN,8002,1006.0000000000001,50004,PROD,8002,830.0,90021,ADD,,19.0,2024
RLT_14,10005,FIN,8002,954.0,50005,PROD,8002,757.0,80075,PROD,8007.0,881.0,2024
RLT_14,10005,FIN,8002,954.0,80075,PROD,8007,857.0,80015,PROD,8001.0,3270.0,2024
RLT_14,10005,FIN,8002,954.0,80015,PROD,8001,1630.0,80005,PROD,8000.0,2105.0,2024
RLT_14,10005,FIN,8002,954.0,80005,PROD,8000,2166.0,70005,RM,,2638.0,2024
RLT_14,10005,FIN,8002,954.0,80005,PROD,8000,2166.0,90030,ADD,,74.0,2024
RLT_14,10005,FIN,8002,954.0,80015,PROD,8001,1630.0,90029,ADD,,109.0,2024
RLT_14,10005,FIN,8002,954.0,80075,PROD,8007,857.0,90027,ADD,,32.0,2024
RLT_14,10005,FIN,8002,954.0,80075,PROD,8007,857.0,90028,ADD,,11.0,2024
RLT_14,10005,FIN,8002,954.0,50005,PROD,8002,757.0,90025,ADD,,50.00000000000001,2024
RLT_14,10005,FIN,8002,954.0,50005,PROD,8002,757.0,90026,ADD,,19.0,2024
RLT_14,10006,FIN,8002,1005.0,50006,PROD,8002,851.0,80076,PROD,8007.0,970.0,2024
RLT_14,10006,FIN,8002,1005.0,80076,PROD,8007,924.0,80016,PROD,8001.0,3064.0,2024
RLT_14,10006,FIN,8002,1005.0,80016,PROD,8001,1665.0,80006,PROD,8000.0,2127.0,2024
RLT_14,10006,FIN,8002,1005.0,80006,PROD,8000,2063.0,70006,RM,,2372.0,2024
RLT_14,10006,FIN,8002,1005.0,80006,PROD,8000,2063.0,90035,ADD,,73.0,2024
RLT_14,10006,FIN,8002,1005.0,80016,PROD,8001,1665.0,90034,ADD,,104.0,2024
RLT_14,10006,FIN,8002,1005.0,80076,PROD,8007,924.0,90032,ADD,,33.0,2024
RLT_14,10006,FIN,8002,1005.0,80076,PROD,8007,924.0,90033,ADD,,11.0,2024
RLT_14,10006,FIN,8002,1005.0,50006,PROD,8002,851.0,90030,ADD,,52.0,2024
RLT_14,10006,FIN,8002,1005.0,50006,PROD,8002,851.0,90031,ADD,,19.0,2024
RLT_14,10009,FIN,8002,954.0,50009,PROD,8002,757.0,80079,PROD,8007.0,881.0,2024
RLT_14,10009,FIN,8002,954.0,80079,PROD,8007,857.0,80019,PROD,8001.0,3270.0,2024
RLT_14,10009,FIN,8002,954.0,80019,PROD,8001,1630.0,80009,PROD,8000.0,2105.0,2024
RLT_14,10009,FIN,8002,954.0,80009,PROD,8000,2166.0,70009,RM,,2638.0,2024
RLT_14,10009,FIN,8002,954.0,80009,PROD,8000,2166.0,90050,ADD,,74.0,2024
RLT_14,10009,FIN,8002,954.0,80019,PROD,8001,1630.0,90049,ADD,,109.0,2024
RLT_14,10009,FIN,8002,954.0,80079,PROD,8007,857.0,90047,ADD,,32.0,2024
RLT_14,10009,FIN,8002,954.0,80079,PROD,8007,857.0,90048,ADD,,11.0,2024
RLT_14,10009,FIN,8002,954.0,50009,PROD,8002,757.0,90045,ADD,,50.00000000000001,2024
RLT_14,10009,FIN,8002,954.0,50009,PROD,8002,757.0,90046,ADD,,19.0,2024
RLT_14,10002,FIN,8002,935.0,50002,PROD,8002,758.0,80072,PROD,8007.0,1059.0,2024
RLT_14,10002,FIN,8002,935.0,80072,PROD,8007,969.0,80012,PROD,8001.0,4276.0,2024
RLT_14,10002,FIN,8002,935.0,80012,PROD,8001,1979.0000000000002,80002,PROD,8000.0,1944.0,2024
RLT_14,10002,FIN,8002,935.0,80002,PROD,8000,1911.0,70002,RM,,2787.0,2024
RLT_14,10002,FIN,8002,935.0,80002,PROD,8000,1911.0,90015,ADD,,72.0,2024
RLT_14,10002,FIN,8002,935.0,80012,PROD,8001,1979.0000000000002,90014,ADD,,109.0,2024
RLT_14,10002,FIN,8002,935.0,80072,PROD,8007,969.0,90012,ADD,,28.0,2024
RLT_14,10002,FIN,8002,935.0,80072,PROD,8007,969.0,90013,ADD,,10.0,2024
RLT_14,10002,FIN,8002,935.0,50002,PROD,8002,758.0,90010,ADD,,54.0,2024
RLT_14,10002,FIN,8002,935.0,50002,PROD,8002,758.0,90011,ADD,,20.0,2024
RLT_14,10003,FIN,8002,922.0,50003,PROD,8002,746.0,80073,PROD,8007.0,855.9999999999999,2024
RLT_14,10003,FIN,8002,922.0,80073,PROD,8007,880.0,80013,PROD,8001.0,3451.0,2024
RLT_14,10003,FIN,8002,922.0,80013,PROD,8001,1783.0,80003,PROD,8000.0,1895.0,2024
RLT_14,10003,FIN,8002,922.0,80003,PROD,8000,1852.0,70003,RM,,2384.0,2024
RLT_14,10003,FIN,8002,922.0,80003,PROD,8000,1852.0,90020,ADD,,71.0,2024
RLT_14,10003,FIN,8002,922.0,80013,PROD,8001,1783.0,90019,ADD,,90.0,2024
RLT_14,10003,FIN,8002,922.0,80073,PROD,8007,880.0,90017,ADD,,29.000000000000004,2024
RLT_14,10003,FIN,8002,922.0,80073,PROD,8007,880.0,90018,ADD,,10.0,2024
RLT_14,10003,FIN,8002,922.0,50003,PROD,8002,746.0,90015,ADD,,49.0,2024
RLT_14,10003,FIN,8002,922.0,50003,PROD,8002,746.0,90016,ADD,,20.999999999999996,2024
RLT_14,10004,FIN,8002,922.0,50004,PROD,8002,746.0,80074,PROD,8007.0,855.9999999999999,2024
RLT_14,10004,FIN,8002,922.0,80074,PROD,8007,880.0,80014,PROD,8001.0,3451.0,2024
RLT_14,10004,FIN,8002,922.0,80014,PROD,8001,1783.0,80004,PROD,8000.0,1895.0,2024
RLT_14,10004,FIN,8002,922.0,80004,PROD,8000,1852.0,70004,RM,,2384.0,2024
RLT_14,10004,FIN,8002,922.0,80004,PROD,8000,1852.0,90025,ADD,,71.0,2024
RLT_14,10004,FIN,8002,922.0,80014,PROD,8001,1783.0,90024,ADD,,90.0,2024
RLT_14,10004,FIN,8002,922.0,80074,PROD,8007,880.0,90022,ADD,,29.000000000000004,2024
RLT_14,10004,FIN,8002,922.0,80074,PROD,8007,880.0,90023,ADD,,10.0,2024
RLT_14,10004,FIN,8002,922.0,50004,PROD,8002,746.0,90020,ADD,,49.0,2024
RLT_14,10004,FIN,8002,922.0,50004,PROD,8002,746.0,90021,ADD,,20.999999999999996,2024
RLT_14,10005,FIN,8002,901.0,50005,PROD,8002,764.0,80075,PROD,8007.0,984.0000000000001,2024
RLT_14,10005,FIN,8002,901.0,80075,PROD,8007,988.0,80015,PROD,8001.0,3802.9999999999995,2024
RLT_14,10005,FIN,8002,901.0,80015,PROD,8001,1772.0,80005,PROD,8000.0,2364.0,2024
RLT_14,10005,FIN,8002,901.0,80005,PROD,8000,2185.0,70005,RM,,2117.0,2024
RLT_14,10005,FIN,8002,901.0,80005,PROD,8000,2185.0,90030,ADD,,68.0,2024
RLT_14,10005,FIN,8002,901.0,80015,PROD,8001,1772.0,90029,ADD,,98.0,2024
RLT_14,10005,FIN,8002,901.0,80075,PROD,8007,988.0,90027,ADD,,32.0,2024
RLT_14,10005,FIN,8002,901.0,80075,PROD,8007,988.0,90028,ADD,,11.0,2024
RLT_14,10005,FIN,8002,901.0,50005,PROD,8002,764.0,90025,ADD,,45.0,2024
RLT_14,10005,FIN,8002,901.0,50005,PROD,8002,764.0,90026,ADD,,20.0,2024
RLT_14,10006,FIN,8002,935.0,50006,PROD,8002,758.0,80076,PROD,8007.0,1059.0,2024
RLT_14,10006,FIN,8002,935.0,80076,PROD,8007,969.0,80016,PROD,8001.0,4276.0,2024
RLT_14,10006,FIN,8002,935.0,80016,PROD,8001,1979.0000000000002,80006,PROD,8000.0,1944.0,2024
RLT_14,10006,FIN,8002,935.0,80006,PROD,8000,1911.0,70006,RM,,2787.0,2024
RLT_14,10006,FIN,8002,935.0,80006,PROD,8000,1911.0,90035,ADD,,72.0,2024
RLT_14,10006,FIN,8002,935.0,80016,PROD,8001,1979.0000000000002,90034,ADD,,109.0,2024
RLT_14,10006,FIN,8002,935.0,80076,PROD,8007,969.0,90032,ADD,,28.0,2024
RLT_14,10006,FIN,8002,935.0,80076,PROD,8007,969.0,90033,ADD,,10.0,2024
RLT_14,10006,FIN,8002,935.0,50006,PROD,8002,758.0,90030,ADD,,54.0,2024
RLT_14,10006,FIN,8002,935.0,50006,PROD,8002,758.0,90031,ADD,,20.0,2024
RLT_14,10009,FIN,8002,901.0,50009,PROD,8002,764.0,80079,PROD,8007.0,984.0000000000001,2024
RLT_14,10009,FIN,8002,901.0,80079,PROD,8007,988.0,80019,PROD,8001.0,3802.9999999999995,2024
RLT_14,10009,FIN,8002,901.0,80019,PROD,8001,1772.0,80009,PROD,8000.0,2364.0,2024
RLT_14,10009,FIN,8002,901.0,80009,PROD,8000,2185.0,70009,RM,,2117.0,2024
RLT_14,10009,FIN,8002,901.0,80009,PROD,8000,2185.0,90050,ADD,,68.0,2024
RLT_14,10009,FIN,8002,901.0,80019,PROD,8001,1772.0,90049,ADD,,98.0,2024
RLT_14,10009,FIN,8002,901.0,80079,PROD,8007,988.0,90047,ADD,,32.0,2024
RLT_14,10009,FIN,8002,901.0,80079,PROD,8007,988.0,90048,ADD,,11.0,2024
RLT_14,10009,FIN,8002,901.0,50009,PROD,8002,764.0,90045,ADD,,45.0,2024
RLT_14,10009,FIN,8002,901.0,50009,PROD,8002,764.0,90046,ADD,,20.0,2024
RLT_14,10002,FIN,8002,972.9999999999999,50002,PROD,8002,798.0,80072,PROD,8007.0,867.0000000000001,2024
RLT_14,10002,FIN,8002,972.9999999999999,80072,PROD,8007,855.0,80012,PROD,8001.0,3921.0,2024
RLT_14,10002,FIN,8002,972.9999999999999,80012,PROD,8001,1964.0,80002,PROD,8000.0,1943.0,2024
RLT_14,10002,FIN,8002,972.9999999999999,80002,PROD,8000,1865.0,70002,RM,,2936.0,2024
RLT_14,10002,FIN,8002,972.9999999999999,80002,PROD,8000,1865.0,90015,ADD,,73.0,2024
RLT_14,10002,FIN,8002,972.9999999999999,80012,PROD,8001,1964.0,90014,ADD,,94.0,2024
RLT_14,10002,FIN,8002,972.9999999999999,80072,PROD,8007,855.0,90012,ADD,,29.000000000000004,2024
RLT_14,10002,FIN,8002,972.9999999999999,80072,PROD,8007,855.0,90013,ADD,,9.0,2024
RLT_14,10002,FIN,8002,972.9999999999999,50002,PROD,8002,798.0,90010,ADD,,51.0,2024
RLT_14,10002,FIN,8002,972.9999999999999,50002,PROD,8002,798.0,90011,ADD,,20.0,2024
RLT_14,10003,FIN,8002,1037.0,50003,PROD,8002,859.0,80073,PROD,8007.0,855.9999999999999,2024
RLT_14,10003,FIN,8002,1037.0,80073,PROD,8007,814.0,80013,PROD,8001.0,3696.0,2024
RLT_14,10003,FIN,8002,1037.0,80013,PROD,8001,1821.0,80003,PROD,8000.0,1884.0,2024
RLT_14,10003,FIN,8002,1037.0,80003,PROD,8000,2083.0,70003,RM,,2153.0,2024
RLT_14,10003,FIN,8002,1037.0,80003,PROD,8000,2083.0,90020,ADD,,66.0,2024
RLT_14,10003,FIN,8002,1037.0,80013,PROD,8001,1821.0,90019,ADD,,96.0,2024
RLT_14,10003,FIN,8002,1037.0,80073,PROD,8007,814.0,90017,ADD,,33.0,2024
RLT_14,10003,FIN,8002,1037.0,80073,PROD,8007,814.0,90018,ADD,,11.0,2024
RLT_14,10003,FIN,8002,1037.0,50003,PROD,8002,859.0,90015,ADD,,47.0,2024
RLT_14,10003,FIN,8002,1037.0,50003,PROD,8002,859.0,90016,ADD,,20.0,2024
RLT_14,10004,FIN,8002,1037.0,50004,PROD,8002,859.0,80074,PROD,8007.0,855.9999999999999,2024
RLT_14,10004,FIN,8002,1037.0,80074,PROD,8007,814.0,80014,PROD,8001.0,3696.0,2024
RLT_14,10004,FIN,8002,1037.0,80014,PROD,8001,1821.0,80004,PROD,8000.0,1884.0,2024
RLT_14,10004,FIN,8002,1037.0,80004,PROD,8000,2083.0,70004,RM,,2153.0,2024
RLT_14,10004,FIN,8002,1037.0,80004,PROD,8000,2083.0,90025,ADD,,66.0,2024
RLT_14,10004,FIN,8002,1037.0,80014,PROD,8001,1821.0,90024,ADD,,96.0,2024
RLT_14,10004,FIN,8002,1037.0,80074,PROD,8007,814.0,90022,ADD,,33.0,2024
RLT_14,10004,FIN,8002,1037.0,80074,PROD,8007,814.0,90023,ADD,,11.0,2024
RLT_14,10004,FIN,8002,1037.0,50004,PROD,8002,859.0,90020,ADD,,47.0,2024
RLT_14,10004,FIN,8002,1037.0,50004,PROD,8002,859.0,90021,ADD,,20.0,2024
RLT_14,10005,FIN,8002,1054.0,50005,PROD,8002,764.0,80075,PROD,8007.0,803.0,2024
RLT_14,10005,FIN,8002,1054.0,80075,PROD,8007,870.0,80015,PROD,8001.0,3842.0,2024
RLT_14,10005,FIN,8002,1054.0,80015,PROD,8001,1773.0,80005,PROD,8000.0,2033.0,2024
RLT_14,10005,FIN,8002,1054.0,80005,PROD,8000,1944.0,70005,RM,,2641.0,2024
RLT_14,10005,FIN,8002,1054.0,80005,PROD,8000,1944.0,90030,ADD,,75.0,2024
RLT_14,10005,FIN,8002,1054.0,80015,PROD,8001,1773.0,90029,ADD,,94.0,2024
RLT_14,10005,FIN,8002,1054.0,80075,PROD,8007,870.0,90027,ADD,,32.0,2024
RLT_14,10005,FIN,8002,1054.0,80075,PROD,8007,870.0,90028,ADD,,10.0,2024
RLT_14,10005,FIN,8002,1054.0,50005,PROD,8002,764.0,90025,ADD,,49.0,2024
RLT_14,10005,FIN,8002,1054.0,50005,PROD,8002,764.0,90026,ADD,,20.0,2024
RLT_14,10006,FIN,8002,972.9999999999999,50006,PROD,8002,798.0,80076,PROD,8007.0,867.0000000000001,2024
RLT_14,10006,FIN,8002,972.9999999999999,80076,PROD,8007,855.0,80016,PROD,8001.0,3921.0,2024
RLT_14,10006,FIN,8002,972.9999999999999,80016,PROD,8001,1964.0,80006,PROD,8000.0,1943.0,2024
RLT_14,10006,FIN,8002,972.9999999999999,80006,PROD,8000,1865.0,70006,RM,,2936.0,2024
RLT_14,10006,FIN,8002,972.9999999999999,80006,PROD,8000,1865.0,90035,ADD,,73.0,2024
RLT_14,10006,FIN,8002,972.9999999999999,80016,PROD,8001,1964.0,90034,ADD,,94.0,2024
RLT_14,10006,FIN,8002,972.9999999999999,80076,PROD,8007,855.0,90032,ADD,,29.000000000000004,2024
RLT_14,10006,FIN,8002,972.9999999999999,80076,PROD,8007,855.0,90033,ADD,,9.0,2024
RLT_14,10006,FIN,8002,972.9999999999999,50006,PROD,8002,798.0,90030,ADD,,51.0,2024
RLT_14,10006,FIN,8002,972.9999999999999,50006,PROD,8002,798.0,90031,ADD,,20.0,2024
RLT_14,10009,FIN,8002,1054.0,50009,PROD,8002,764.0,80079,PROD,8007.0,803.0,2024
RLT_14,10009,FIN,8002,1054.0,80079,PROD,8007,870.0,80019,PROD,8001.0,3842.0,2024
RLT_14,10009,FIN,8002,1054.0,80019,PROD,8001,1773.0,80009,PROD,8000.0,2033.0,2024
RLT_14,10009,FIN,8002,1054.0,80009,PROD,8000,1944.0,70009,RM,,2641.0,2024
RLT_14,10009,FIN,8002,1054.0,80009,PROD,8000,1944.0,90050,ADD,,75.0,2024
RLT_14,10009,FIN,8002,1054.0,80019,PROD,8001,1773.0,90049,ADD,,94.0,2024
RLT_14,10009,FIN,8002,1054.0,80079,PROD,8007,870.0,90047,ADD,,32.0,2024
RLT_14,10009,FIN,8002,1054.0,80079,PROD,8007,870.0,90048,ADD,,10.0,2024
RLT_14,10009,FIN,8002,1054.0,50009,PROD,8002,764.0,90045,ADD,,49.0,2024
RLT_14,10009,FIN,8002,1054.0,50009,PROD,8002,764.0,90046,ADD,,20.0,2024
RLT_14,10002,FIN,8002,1034.0,50002,PROD,8002,844.0,80072,PROD,8007.0,868.0,2024
RLT_14,10002,FIN,8002,1034.0,80072,PROD,8007,830.0,80012,PROD,8001.0,3186.0,2024
RLT_14,10002,FIN,8002,1034.0,80012,PROD,8001,1725.0,80002,PROD,8000.0,1904.0,2024
RLT_14,10002,FIN,8002,1034.0,80002,PROD,8000,1941.0,70002,RM,,2655.0,2024
RLT_14,10002,FIN,8002,1034.0,80002,PROD,8000,1941.0,90015,ADD,,64.0,2024
RLT_14,10002,FIN,8002,1034.0,80012,PROD,8001,1725.0,90014,ADD,,100.00000000000001,2024
RLT_14,10002,FIN,8002,1034.0,80072,PROD,8007,830.0,90012,ADD,,29.000000000000004,2024
RLT_14,10002,FIN,8002,1034.0,80072,PROD,8007,830.0,90013,ADD,,10.0,2024
RLT_14,10002,FIN,8002,1034.0,50002,PROD,8002,844.0,90010,ADD,,46.0,2024
RLT_14,10002,FIN,8002,1034.0,50002,PROD,8002,844.0,90011,ADD,,22.0,2024
RLT_14,10003,FIN,8002,994.0,50003,PROD,8002,751.0,80073,PROD,8007.0,953.0,2024
RLT_14,10003,FIN,8002,994.0,80073,PROD,8007,986.0,80013,PROD,8001.0,3886.0,2024
RLT_14,10003,FIN,8002,994.0,80013,PROD,8001,1828.0,80003,PROD,8000.0,2323.0,2024
RLT_14,10003,FIN,8002,994.0,80003,PROD,8000,2041.0,70003,RM,,2420.0,2024
RLT_14,10003,FIN,8002,994.0,80003,PROD,8000,2041.0,90020,ADD,,68.0,2024
RLT_14,10003,FIN,8002,994.0,80013,PROD,8001,1828.0,90019,ADD,,106.99999999999999,2024
RLT_14,10003,FIN,8002,994.0,80073,PROD,8007,986.0,90017,ADD,,31.0,2024
RLT_14,10003,FIN,8002,994.0,80073,PROD,8007,986.0,90018,ADD,,10.0,2024
RLT_14,10003,FIN,8002,994.0,50003,PROD,8002,751.0,90015,ADD,,55.0,2024
RLT_14,10003,FIN,8002,994.0,50003,PROD,8002,751.0,90016,ADD,,20.999999999999996,2024
RLT_14,10004,FIN,8002,994.0,50004,PROD,8002,751.0,80074,PROD,8007.0,953.0,2024
RLT_14,10004,FIN,8002,994.0,80074,PROD,8007,986.0,80014,PROD,8001.0,3886.0,2024
RLT_14,10004,FIN,8002,994.0,80014,PROD,8001,1828.0,80004,PROD,8000.0,2323.0,2024
RLT_14,10004,FIN,8002,994.0,80004,PROD,8000,2041.0,70004,RM,,2420.0,2024
RLT_14,10004,FIN,8002,994.0,80004,PROD,8000,2041.0,90025,ADD,,68.0,2024
RLT_14,10004,FIN,8002,994.0,80014,PROD,8001,1828.0,90024,ADD,,106.99999999999999,2024
RLT_14,10004,FIN,8002,994.0,80074,PROD,8007,986.0,90022,ADD,,31.0,2024
RLT_14,10004,FIN,8002,994.0,80074,PROD,8007,986.0,90023,ADD,,10.0,2024
RLT_14,10004,FIN,8002,994.0,50004,PROD,8002,751.0,90020,ADD,,55.0,2024
RLT_14,10004,FIN,8002,994.0,50004,PROD,8002,751.0,90021,ADD,,20.999999999999996,2024
RLT_14,10005,FIN,8002,1044.0,50005,PROD,8002,747.0,80075,PROD,8007.0,942.0,2024
RLT_14,10005,FIN,8002,1044.0,80075,PROD,8007,977.0,80015,PROD,8001.0,3835.0,2024
RLT_14,10005,FIN,8002,1044.0,80015,PROD,8001,1922.0,80005,PROD,8000.0,1928.0,2024
RLT_14,10005,FIN,8002,1044.0,80005,PROD,8000,1931.0,70005,RM,,2797.0,2024
RLT_14,10005,FIN,8002,1044.0,80005,PROD,8000,1931.0,90030,ADD,,68.0,2024
RLT_14,10005,FIN,8002,1044.0,80015,PROD,8001,1922.0,90029,ADD,,99.0,2024
RLT_14,10005,FIN,8002,1044.0,80075,PROD,8007,977.0,90027,ADD,,29.000000000000004,2024
RLT_14,10005,FIN,8002,1044.0,80075,PROD,8007,977.0,90028,ADD,,10.0,2024
RLT_14,10005,FIN,8002,1044.0,50005,PROD,8002,747.0,90025,ADD,,47.0,2024
RLT_14,10005,FIN,8002,1044.0,50005,PROD,8002,747.0,90026,ADD,,19.0,2024
RLT_14,10006,FIN,8002,1034.0,50006,PROD,8002,844.0,80076,PROD,8007.0,868.0,2024
RLT_14,10006,FIN,8002,1034.0,80076,PROD,8007,830.0,80016,PROD,8001.0,3186.0,2024
RLT_14,10006,FIN,8002,1034.0,80016,PROD,8001,1725.0,80006,PROD,8000.0,1904.0,2024
RLT_14,10006,FIN,8002,1034.0,80006,PROD,8000,1941.0,70006,RM,,2655.0,2024
RLT_14,10006,FIN,8002,1034.0,80006,PROD,8000,1941.0,90035,ADD,,64.0,2024
RLT_14,10006,FIN,8002,1034.0,80016,PROD,8001,1725.0,90034,ADD,,100.00000000000001,2024
RLT_14,10006,FIN,8002,1034.0,80076,PROD,8007,830.0,90032,ADD,,29.000000000000004,2024
RLT_14,10006,FIN,8002,1034.0,80076,PROD,8007,830.0,90033,ADD,,10.0,2024
RLT_14,10006,FIN,8002,1034.0,50006,PROD,8002,844.0,90030,ADD,,46.0,2024
RLT_14,10006,FIN,8002,1034.0,50006,PROD,8002,844.0,90031,ADD,,22.0,2024
RLT_14,10009,FIN,8002,1044.0,50009,PROD,8002,747.0,80079,PROD,8007.0,942.0,2024
RLT_14,10009,FIN,8002,1044.0,80079,PROD,8007,977.0,80019,PROD,8001.0,3835.0,2024
RLT_14,10009,FIN,8002,1044.0,80019,PROD,8001,1922.0,80009,PROD,8000.0,1928.0,2024
RLT_14,10009,FIN,8002,1044.0,80009,PROD,8000,1931.0,70009,RM,,2797.0,2024
RLT_14,10009,FIN,8002,1044.0,80009,PROD,8000,1931.0,90050,ADD,,68.0,2024
RLT_14,10009,FIN,8002,1044.0,80019,PROD,8001,1922.0,90049,ADD,,99.0,2024
RLT_14,10009,FIN,8002,1044.0,80079,PROD,8007,977.0,90047,ADD,,29.000000000000004,2024
RLT_14,10009,FIN,8002,1044.0,80079,PROD,8007,977.0,90048,ADD,,10.0,2024
RLT_14,10009,FIN,8002,1044.0,50009,PROD,8002,747.0,90045,ADD,,47.0,2024
RLT_14,10009,FIN,8002,1044.0,50009,PROD,8002,747.0,90046,ADD,,19.0,2024
RLT_14,10002,FIN,8002,1040.0,50002,PROD,8002,720.0,80072,PROD,8007.0,982.0,2024
RLT_14,10002,FIN,8002,1040.0,80072,PROD,8007,977.0,80012,PROD,8001.0,3226.0,2024
RLT_14,10002,FIN,8002,1040.0,80012,PROD,8001,1678.9999999999998,80002,PROD,8000.0,1910.0,2024
RLT_14,10002,FIN,8002,1040.0,80002,PROD,8000,1923.9999999999998,70002,RM,,2434.0,2024
RLT_14,10002,FIN,8002,1040.0,80002,PROD,8000,1923.9999999999998,90015,ADD,,71.0,2024
RLT_14,10002,FIN,8002,1040.0,80012,PROD,8001,1678.9999999999998,90014,ADD,,90.99999999999999,2024
RLT_14,10002,FIN,8002,1040.0,80072,PROD,8007,977.0,90012,ADD,,29.000000000000004,2024
RLT_14,10002,FIN,8002,1040.0,80072,PROD,8007,977.0,90013,ADD,,9.0,2024
RLT_14,10002,FIN,8002,1040.0,50002,PROD,8002,720.0,90010,ADD,,52.0,2024
RLT_14,10002,FIN,8002,1040.0,50002,PROD,8002,720.0,90011,ADD,,20.999999999999996,2024
RLT_14,10003,FIN,8002,1040.0,50003,PROD,8002,720.0,80073,PROD,8007.0,982.0,2024
RLT_14,10003,FIN,8002,1040.0,80073,PROD,8007,977.0,80013,PROD,8001.0,3226.0,2024
RLT_14,10003,FIN,8002,1040.0,80013,PROD,8001,1678.9999999999998,80003,PROD,8000.0,1910.0,2024
RLT_14,10003,FIN,8002,1040.0,80003,PROD,8000,1923.9999999999998,70003,RM,,2434.0,2024
RLT_14,10003,FIN,8002,1040.0,80003,PROD,8000,1923.9999999999998,90020,ADD,,71.0,2024
RLT_14,10003,FIN,8002,1040.0,80013,PROD,8001,1678.9999999999998,90019,ADD,,90.99999999999999,2024
RLT_14,10003,FIN,8002,1040.0,80073,PROD,8007,977.0,90017,ADD,,29.000000000000004,2024
RLT_14,10003,FIN,8002,1040.0,80073,PROD,8007,977.0,90018,ADD,,9.0,2024
RLT_14,10003,FIN,8002,1040.0,50003,PROD,8002,720.0,90015,ADD,,52.0,2024
RLT_14,10003,FIN,8002,1040.0,50003,PROD,8002,720.0,90016,ADD,,20.999999999999996,2024
RLT_14,10004,FIN,8002,1040.0,50004,PROD,8002,720.0,80074,PROD,8007.0,982.0,2024
RLT_14,10004,FIN,8002,1040.0,80074,PROD,8007,977.0,80014,PROD,8001.0,3226.0,2024
RLT_14,10004,FIN,8002,1040.0,80014,PROD,8001,1678.9999999999998,80004,PROD,8000.0,1910.0,2024
RLT_14,10004,FIN,8002,1040.0,80004,PROD,8000,1923.9999999999998,70004,RM,,2434.0,2024
RLT_14,10004,FIN,8002,1040.0,80004,PROD,8000,1923.9999999999998,90025,ADD,,71.0,2024
RLT_14,10004,FIN,8002,1040.0,80014,PROD,8001,1678.9999999999998,90024,ADD,,90.99999999999999,2024
RLT_14,10004,FIN,8002,1040.0,80074,PROD,8007,977.0,90022,ADD,,29.000000000000004,2024
RLT_14,10004,FIN,8002,1040.0,80074,PROD,8007,977.0,90023,ADD,,9.0,2024
RLT_14,10004,FIN,8002,1040.0,50004,PROD,8002,720.0,90020,ADD,,52.0,2024
RLT_14,10004,FIN,8002,1040.0,50004,PROD,8002,720.0,90021,ADD,,20.999999999999996,2024
RLT_14,10005,FIN,8002,941.0,50005,PROD,8002,861.0000000000001,80075,PROD,8007.0,1018.0,2024
RLT_14,10005,FIN,8002,941.0,80075,PROD,8007,958.0,80015,PROD,8001.0,3219.0,2024
RLT_14,10005,FIN,8002,941.0,80015,PROD,8001,1707.0,80005,PROD,8000.0,2108.0,2024
RLT_14,10005,FIN,8002,941.0,80005,PROD,8000,1950.0,70005,RM,,2429.0,2024
RLT_14,10005,FIN,8002,941.0,80005,PROD,8000,1950.0,90030,ADD,,66.0,2024
RLT_14,10005,FIN,8002,941.0,80015,PROD,8001,1707.0,90029,ADD,,101.0,2024
RLT_14,10005,FIN,8002,941.0,80075,PROD,8007,958.0,90027,ADD,,32.0,2024
RLT_14,10005,FIN,8002,941.0,80075,PROD,8007,958.0,90028,ADD,,10.0,2024
RLT_14,10005,FIN,8002,941.0,50005,PROD,8002,861.0000000000001,90025,ADD,,47.0,2024
RLT_14,10005,FIN,8002,941.0,50005,PROD,8002,861.0000000000001,90026,ADD,,20.999999999999996,2024
RLT_14,10006,FIN,8002,1040.0,50006,PROD,8002,720.0,80076,PROD,8007.0,982.0,2024
RLT_14,10006,FIN,8002,1040.0,80076,PROD,8007,977.0,80016,PROD,8001.0,3226.0,2024
RLT_14,10006,FIN,8002,1040.0,80016,PROD,8001,1678.9999999999998,80006,PROD,8000.0,1910.0,2024
RLT_14,10006,FIN,8002,1040.0,80006,PROD,8000,1923.9999999999998,70006,RM,,2434.0,2024
RLT_14,10006,FIN,8002,1040.0,80006,PROD,8000,1923.9999999999998,90035,ADD,,71.0,2024
RLT_14,10006,FIN,8002,1040.0,80016,PROD,8001,1678.9999999999998,90034,ADD,,90.99999999999999,2024
RLT_14,10006,FIN,8002,1040.0,80076,PROD,8007,977.0,90032,ADD,,29.000000000000004,2024
RLT_14,10006,FIN,8002,1040.0,80076,PROD,8007,977.0,90033,ADD,,9.0,2024
RLT_14,10006,FIN,8002,1040.0,50006,PROD,8002,720.0,90030,ADD,,52.0,2024
RLT_14,10006,FIN,8002,1040.0,50006,PROD,8002,720.0,90031,ADD,,20.999999999999996,2024
RLT_14,10009,FIN,8002,941.0,50009,PROD,8002,861.0000000000001,80079,PROD,8007.0,1018.0,2024
RLT_14,10009,FIN,8002,941.0,80079,PROD,8007,958.0,80019,PROD,8001.0,3219.0,2024
RLT_14,10009,FIN,8002,941.0,80019,PROD,8001,1707.0,80009,PROD,8000.0,2108.0,2024
RLT_14,10009,FIN,8002,941.0,80009,PROD,8000,1950.0,70009,RM,,2429.0,2024
RLT_14,10009,FIN,8002,941.0,80009,PROD,8000,1950.0,90050,ADD,,66.0,2024
RLT_14,10009,FIN,8002,941.0,80019,PROD,8001,1707.0,90049,ADD,,101.0,2024
RLT_14,10009,FIN,8002,941.0,80079,PROD,8007,958.0,90047,ADD,,32.0,2024
RLT_14,10009,FIN,8002,941.0,80079,PROD,8007,958.0,90048,ADD,,10.0,2024
RLT_14,10009,FIN,8002,941.0,50009,PROD,8002,861.0000000000001,90045,ADD,,47.0,2024
RLT_14,10009,FIN,8002,941.0,50009,PROD,8002,861.0000000000001,90046,ADD,,20.999999999999996,2024
RLT_14,10002,FIN,8002,949.0,50002,PROD,8002,745.0,80072,PROD,8007.0,820.0,2024
RLT_14,10002,FIN,8002,949.0,80072,PROD,8007,894.9999999999999,80012,PROD,8001.0,3258.0,2024
RLT_14,10002,FIN,8002,949.0,80012,PROD,8001,1686.0,80002,PROD,8000.0,1847.0,2024
RLT_14,10002,FIN,8002,949.0,80002,PROD,8000,1972.0,70002,RM,,2550.0,2024
RLT_14,10002,FIN,8002,949.0,80002,PROD,8000,1972.0,90015,ADD,,64.0,2024
RLT_14,10002,FIN,8002,949.0,80012,PROD,8001,1686.0,90014,ADD,,103.0,2024
RLT_14,10002,FIN,8002,949.0,80072,PROD,8007,894.9999999999999,90012,ADD,,27.0,2024
RLT_14,10002,FIN,8002,949.0,80072,PROD,8007,894.9999999999999,90013,ADD,,11.0,2024
RLT_14,10002,FIN,8002,949.0,50002,PROD,8002,745.0,90010,ADD,,48.0,2024
RLT_14,10002,FIN,8002,949.0,50002,PROD,8002,745.0,90011,ADD,,22.0,2024
RLT_14,10003,FIN,8002,949.0,50003,PROD,8002,745.0,80073,PROD,8007.0,820.0,2024
RLT_14,10003,FIN,8002,949.0,80073,PROD,8007,894.9999999999999,80013,PROD,8001.0,3258.0,2024
RLT_14,10003,FIN,8002,949.0,80013,PROD,8001,1686.0,80003,PROD,8000.0,1847.0,2024
RLT_14,10003,FIN,8002,949.0,80003,PROD,8000,1972.0,70003,RM,,2550.0,2024
RLT_14,10003,FIN,8002,949.0,80003,PROD,8000,1972.0,90020,ADD,,64.0,2024
RLT_14,10003,FIN,8002,949.0,80013,PROD,8001,1686.0,90019,ADD,,103.0,2024
RLT_14,10003,FIN,8002,949.0,80073,PROD,8007,894.9999999999999,90017,ADD,,27.0,2024
RLT_14,10003,FIN,8002,949.0,80073,PROD,8007,894.9999999999999,90018,ADD,,11.0,2024
RLT_14,10003,FIN,8002,949.0,50003,PROD,8002,745.0,90015,ADD,,48.0,2024
RLT_14,10003,FIN,8002,949.0,50003,PROD,8002,745.0,90016,ADD,,22.0,2024
RLT_14,10004,FIN,8002,949.0,50004,PROD,8002,745.0,80074,PROD,8007.0,820.0,2024
RLT_14,10004,FIN,8002,949.0,80074,PROD,8007,894.9999999999999,80014,PROD,8001.0,3258.0,2024
RLT_14,10004,FIN,8002,949.0,80014,PROD,8001,1686.0,80004,PROD,8000.0,1847.0,2024
RLT_14,10004,FIN,8002,949.0,80004,PROD,8000,1972.0,70004,RM,,2550.0,2024
RLT_14,10004,FIN,8002,949.0,80004,PROD,8000,1972.0,90025,ADD,,64.0,2024
RLT_14,10004,FIN,8002,949.0,80014,PROD,8001,1686.0,90024,ADD,,103.0,2024
RLT_14,10004,FIN,8002,949.0,80074,PROD,8007,894.9999999999999,90022,ADD,,27.0,2024
RLT_14,10004,FIN,8002,949.0,80074,PROD,8007,894.9999999999999,90023,ADD,,11.0,2024
RLT_14,10004,FIN,8002,949.0,50004,PROD,8002,745.0,90020,ADD,,48.0,2024
RLT_14,10004,FIN,8002,949.0,50004,PROD,8002,745.0,90021,ADD,,22.0,2024
RLT_14,10005,FIN,8002,1049.0,50005,PROD,8002,810.0,80075,PROD,8007.0,876.0,2024
RLT_14,10005,FIN,8002,1049.0,80075,PROD,8007,811.0000000000001,80015,PROD,8001.0,3890.0000000000005,2024
RLT_14,10005,FIN,8002,1049.0,80015,PROD,8001,1895.0,80005,PROD,8000.0,2103.0,2024
RLT_14,10005,FIN,8002,1049.0,80005,PROD,8000,2045.0,70005,RM,,2287.0,2024
RLT_14,10005,FIN,8002,1049.0,80005,PROD,8000,2045.0,90030,ADD,,67.0,2024
RLT_14,10005,FIN,8002,1049.0,80015,PROD,8001,1895.0,90029,ADD,,106.99999999999999,2024
RLT_14,10005,FIN,8002,1049.0,80075,PROD,8007,811.0000000000001,90027,ADD,,30.0,2024
RLT_14,10005,FIN,8002,1049.0,80075,PROD,8007,811.0000000000001,90028,ADD,,10.0,2024
RLT_14,10005,FIN,8002,1049.0,50005,PROD,8002,810.0,90025,ADD,,51.0,2024
RLT_14,10005,FIN,8002,1049.0,50005,PROD,8002,810.0,90026,ADD,,19.0,2024
RLT_14,10006,FIN,8002,949.0,50006,PROD,8002,745.0,80076,PROD,8007.0,820.0,2024
RLT_14,10006,FIN,8002,949.0,80076,PROD,8007,894.9999999999999,80016,PROD,8001.0,3258.0,2024
RLT_14,10006,FIN,8002,949.0,80016,PROD,8001,1686.0,80006,PROD,8000.0,1847.0,2024
RLT_14,10006,FIN,8002,949.0,80006,PROD,8000,1972.0,70006,RM,,2550.0,2024
RLT_14,10006,FIN,8002,949.0,80006,PROD,8000,1972.0,90035,ADD,,64.0,2024
RLT_14,10006,FIN,8002,949.0,80016,PROD,8001,1686.0,90034,ADD,,103.0,2024
RLT_14,10006,FIN,8002,949.0,80076,PROD,8007,894.9999999999999,90032,ADD,,27.0,2024
RLT_14,10006,FIN,8002,949.0,80076,PROD,8007,894.9999999999999,90033,ADD,,11.0,2024
RLT_14,10006,FIN,8002,949.0,50006,PROD,8002,745.0,90030,ADD,,48.0,2024
RLT_14,10006,FIN,8002,949.0,50006,PROD,8002,745.0,90031,ADD,,22.0,2024
RLT_14,10009,FIN,8002,1049.0,50009,PROD,8002,810.0,80079,PROD,8007.0,876.0,2024
RLT_14,10009,FIN,8002,1049.0,80079,PROD,8007,811.0000000000001,80019,PROD,8001.0,3890.0000000000005,2024
RLT_14,10009,FIN,8002,1049.0,80019,PROD,8001,1895.0,80009,PROD,8000.0,2103.0,2024
RLT_14,10009,FIN,8002,1049.0,80009,PROD,8000,2045.0,70009,RM,,2287.0,2024
RLT_14,10009,FIN,8002,1049.0,80009,PROD,8000,2045.0,90050,ADD,,67.0,2024
RLT_14,10009,FIN,8002,1049.0,80019,PROD,8001,1895.0,90049,ADD,,106.99999999999999,2024
RLT_14,10009,FIN,8002,1049.0,80079,PROD,8007,811.0000000000001,90047,ADD,,30.0,2024
RLT_14,10009,FIN,8002,1049.0,80079,PROD,8007,811.0000000000001,90048,ADD,,10.0,2024
RLT_14,10009,FIN,8002,1049.0,50009,PROD,8002,810.0,90045,ADD,,51.0,2024
RLT_14,10009,FIN,8002,1049.0,50009,PROD,8002,810.0,90046,ADD,,19.0,2024
RLT_14,10002,FIN,8002,1069.0,50002,PROD,8002,766.0,80072,PROD,8007.0,880.0,2024
RLT_14,10002,FIN,8002,1069.0,80072,PROD,8007,816.0,80012,PROD,8001.0,3251.0,2024
RLT_14,10002,FIN,8002,1069.0,80012,PROD,8001,1709.0,80002,PROD,8000.0,1871.0,2024
RLT_14,10002,FIN,8002,1069.0,80002,PROD,8000,1887.0,70002,RM,,2766.0,2024
RLT_14,10002,FIN,8002,1069.0,80002,PROD,8000,1887.0,90015,ADD,,76.0,2024
RLT_14,10002,FIN,8002,1069.0,80012,PROD,8001,1709.0,90014,ADD,,100.00000000000001,2024
RLT_14,10002,FIN,8002,1069.0,80072,PROD,8007,816.0,90012,ADD,,32.0,2024
RLT_14,10002,FIN,8002,1069.0,80072,PROD,8007,816.0,90013,ADD,,11.0,2024
RLT_14,10002,FIN,8002,1069.0,50002,PROD,8002,766.0,90010,ADD,,49.0,2024
RLT_14,10002,FIN,8002,1069.0,50002,PROD,8002,766.0,90011,ADD,,22.0,2024
RLT_14,10003,FIN,8002,1069.0,50003,PROD,8002,766.0,80073,PROD,8007.0,880.0,2024
RLT_14,10003,FIN,8002,1069.0,80073,PROD,8007,816.0,80013,PROD,8001.0,3251.0,2024
RLT_14,10003,FIN,8002,1069.0,80013,PROD,8001,1709.0,80003,PROD,8000.0,1871.0,2024
RLT_14,10003,FIN,8002,1069.0,80003,PROD,8000,1887.0,70003,RM,,2766.0,2024
RLT_14,10003,FIN,8002,1069.0,80003,PROD,8000,1887.0,90020,ADD,,76.0,2024
RLT_14,10003,FIN,8002,1069.0,80013,PROD,8001,1709.0,90019,ADD,,100.00000000000001,2024
RLT_14,10003,FIN,8002,1069.0,80073,PROD,8007,816.0,90017,ADD,,32.0,2024
RLT_14,10003,FIN,8002,1069.0,80073,PROD,8007,816.0,90018,ADD,,11.0,2024
RLT_14,10003,FIN,8002,1069.0,50003,PROD,8002,766.0,90015,ADD,,49.0,2024
RLT_14,10003,FIN,8002,1069.0,50003,PROD,8002,766.0,90016,ADD,,22.0,2024
RLT_14,10004,FIN,8002,1069.0,50004,PROD,8002,766.0,80074,PROD,8007.0,880.0,2024
RLT_14,10004,FIN,8002,1069.0,80074,PROD,8007,816.0,80014,PROD,8001.0,3251.0,2024
RLT_14,10004,FIN,8002,1069.0,80014,PROD,8001,1709.0,80004,PROD,8000.0,1871.0,2024
RLT_14,10004,FIN,8002,1069.0,80004,PROD,8000,1887.0,70004,RM,,2766.0,2024
RLT_14,10004,FIN,8002,1069.0,80004,PROD,8000,1887.0,90025,ADD,,76.0,2024
RLT_14,10004,FIN,8002,1069.0,80014,PROD,8001,1709.0,90024,ADD,,100.00000000000001,2024
RLT_14,10004,FIN,8002,1069.0,80074,PROD,8007,816.0,90022,ADD,,32.0,2024
RLT_14,10004,FIN,8002,1069.0,80074,PROD,8007,816.0,90023,ADD,,11.0,2024
RLT_14,10004,FIN,8002,1069.0,50004,PROD,8002,766.0,90020,ADD,,49.0,2024
RLT_14,10004,FIN,8002,1069.0,50004,PROD,8002,766.0,90021,ADD,,22.0,2024
RLT_14,10005,FIN,8002,949.0,50005,PROD,8002,840.0,80075,PROD,8007.0,966.0,2024
RLT_14,10005,FIN,8002,949.0,80075,PROD,8007,927.0,80015,PROD,8001.0,3601.0000000000005,2024
RLT_14,10005,FIN,8002,949.0,80015,PROD,8001,1945.9999999999998,80005,PROD,8000.0,1938.0,2024
RLT_14,10005,FIN,8002,949.0,80005,PROD,8000,1859.0,70005,RM,,2558.0,2024
RLT_14,10005,FIN,8002,949.0,80005,PROD,8000,1859.0,90030,ADD,,69.0,2024
RLT_14,10005,FIN,8002,949.0,80015,PROD,8001,1945.9999999999998,90029,ADD,,100.00000000000001,2024
RLT_14,10005,FIN,8002,949.0,80075,PROD,8007,927.0,90027,ADD,,30.0,2024
RLT_14,10005,FIN,8002,949.0,80075,PROD,8007,927.0,90028,ADD,,10.0,2024
RLT_14,10005,FIN,8002,949.0,50005,PROD,8002,840.0,90025,ADD,,49.0,2024
RLT_14,10005,FIN,8002,949.0,50005,PROD,8002,840.0,90026,ADD,,20.0,2024
RLT_14,10006,FIN,8002,1069.0,50006,PROD,8002,766.0,80076,PROD,8007.0,880.0,2024
RLT_14,10006,FIN,8002,1069.0,80076,PROD,8007,816.0,80016,PROD,8001.0,3251.0,2024
RLT_14,10006,FIN,8002,1069.0,80016,PROD,8001,1709.0,80006,PROD,8000.0,1871.0,2024
RLT_14,10006,FIN,8002,1069.0,80006,PROD,8000,1887.0,70006,RM,,2766.0,2024
RLT_14,10006,FIN,8002,1069.0,80006,PROD,8000,1887.0,90035,ADD,,76.0,2024
RLT_14,10006,FIN,8002,1069.0,80016,PROD,8001,1709.0,90034,ADD,,100.00000000000001,2024
RLT_14,10006,FIN,8002,1069.0,80076,PROD,8007,816.0,90032,ADD,,32.0,2024
RLT_14,10006,FIN,8002,1069.0,80076,PROD,8007,816.0,90033,ADD,,11.0,2024
RLT_14,10006,FIN,8002,1069.0,50006,PROD,8002,766.0,90030,ADD,,49.0,2024
RLT_14,10006,FIN,8002,1069.0,50006,PROD,8002,766.0,90031,ADD,,22.0,2024
RLT_14,10009,FIN,8002,949.0,50009,PROD,8002,840.0,80079,PROD,8007.0,966.0,2024
RLT_14,10009,FIN,8002,949.0,80079,PROD,8007,927.0,80019,PROD,8001.0,3601.0000000000005,2024
RLT_14,10009,FIN,8002,949.0,80019,PROD,8001,1945.9999999999998,80009,PROD,8000.0,1938.0,2024
RLT_14,10009,FIN,8002,949.0,80009,PROD,8000,1859.0,70009,RM,,2558.0,2024
RLT_14,10009,FIN,8002,949.0,80009,PROD,8000,1859.0,90050,ADD,,69.0,2024
RLT_14,10009,FIN,8002,949.0,80019,PROD,8001,1945.9999999999998,90049,ADD,,100.00000000000001,2024
RLT_14,10009,FIN,8002,949.0,80079,PROD,8007,927.0,90047,ADD,,30.0,2024
RLT_14,10009,FIN,8002,949.0,80079,PROD,8007,927.0,90048,ADD,,10.0,2024
RLT_14,10009,FIN,8002,949.0,50009,PROD,8002,840.0,90045,ADD,,49.0,2024
RLT_14,10009,FIN,8002,949.0,50009,PROD,8002,840.0,90046,ADD,,20.0,2024
RLT_14,10002,FIN,8002,957.0,50002,PROD,8002,820.0,80072,PROD,8007.0,998.0,2024
RLT_14,10002,FIN,8002,957.0,80072,PROD,8007,972.0,80012,PROD,8001.0,3635.0,2024
RLT_14,10002,FIN,8002,957.0,80012,PROD,8001,1956.0,80002,PROD,8000.0,1909.0,2024
RLT_14,10002,FIN,8002,957.0,80002,PROD,8000,1905.0,70002,RM,,2521.0,2024
RLT_14,10002,FIN,8002,957.0,80002,PROD,8000,1905.0,90015,ADD,,63.0,2024
RLT_14,10002,FIN,8002,957.0,80012,PROD,8001,1956.0,90014,ADD,,98.0,2024
RLT_14,10002,FIN,8002,957.0,80072,PROD,8007,972.0,90012,ADD,,29.000000000000004,2024
RLT_14,10002,FIN,8002,957.0,80072,PROD,8007,972.0,90013,ADD,,10.0,2024
RLT_14,10002,FIN,8002,957.0,50002,PROD,8002,820.0,90010,ADD,,52.0,2024
RLT_14,10002,FIN,8002,957.0,50002,PROD,8002,820.0,90011,ADD,,19.0,2024
RLT_14,10003,FIN,8002,957.0,50003,PROD,8002,820.0,80073,PROD,8007.0,998.0,2024
RLT_14,10003,FIN,8002,957.0,80073,PROD,8007,972.0,80013,PROD,8001.0,3635.0,2024
RLT_14,10003,FIN,8002,957.0,80013,PROD,8001,1956.0,80003,PROD,8000.0,1909.0,2024
RLT_14,10003,FIN,8002,957.0,80003,PROD,8000,1905.0,70003,RM,,2521.0,2024
RLT_14,10003,FIN,8002,957.0,80003,PROD,8000,1905.0,90020,ADD,,63.0,2024
RLT_14,10003,FIN,8002,957.0,80013,PROD,8001,1956.0,90019,ADD,,98.0,2024
RLT_14,10003,FIN,8002,957.0,80073,PROD,8007,972.0,90017,ADD,,29.000000000000004,2024
RLT_14,10003,FIN,8002,957.0,80073,PROD,8007,972.0,90018,ADD,,10.0,2024
RLT_14,10003,FIN,8002,957.0,50003,PROD,8002,820.0,90015,ADD,,52.0,2024
RLT_14,10003,FIN,8002,957.0,50003,PROD,8002,820.0,90016,ADD,,19.0,2024
RLT_14,10004,FIN,8002,957.0,50004,PROD,8002,820.0,80074,PROD,8007.0,998.0,2024
RLT_14,10004,FIN,8002,957.0,80074,PROD,8007,972.0,80014,PROD,8001.0,3635.0,2024
RLT_14,10004,FIN,8002,957.0,80014,PROD,8001,1956.0,80004,PROD,8000.0,1909.0,2024
RLT_14,10004,FIN,8002,957.0,80004,PROD,8000,1905.0,70004,RM,,2521.0,2024
RLT_14,10004,FIN,8002,957.0,80004,PROD,8000,1905.0,90025,ADD,,63.0,2024
RLT_14,10004,FIN,8002,957.0,80014,PROD,8001,1956.0,90024,ADD,,98.0,2024
RLT_14,10004,FIN,8002,957.0,80074,PROD,8007,972.0,90022,ADD,,29.000000000000004,2024
RLT_14,10004,FIN,8002,957.0,80074,PROD,8007,972.0,90023,ADD,,10.0,2024
RLT_14,10004,FIN,8002,957.0,50004,PROD,8002,820.0,90020,ADD,,52.0,2024
RLT_14,10004,FIN,8002,957.0,50004,PROD,8002,820.0,90021,ADD,,19.0,2024
RLT_14,10005,FIN,8002,1081.0,50005,PROD,8002,794.0,80075,PROD,8007.0,857.0,2024
RLT_14,10005,FIN,8002,1081.0,80075,PROD,8007,849.0,80015,PROD,8001.0,3822.0,2024
RLT_14,10005,FIN,8002,1081.0,80015,PROD,8001,1780.0,80005,PROD,8000.0,2046.0000000000002,2024
RLT_14,10005,FIN,8002,1081.0,80005,PROD,8000,2181.0,70005,RM,,2523.0,2024
RLT_14,10005,FIN,8002,1081.0,80005,PROD,8000,2181.0,90030,ADD,,65.0,2024
RLT_14,10005,FIN,8002,1081.0,80015,PROD,8001,1780.0,90029,ADD,,102.0,2024
RLT_14,10005,FIN,8002,1081.0,80075,PROD,8007,849.0,90027,ADD,,27.0,2024
RLT_14,10005,FIN,8002,1081.0,80075,PROD,8007,849.0,90028,ADD,,9.0,2024
RLT_14,10005,FIN,8002,1081.0,50005,PROD,8002,794.0,90025,ADD,,51.0,2024
RLT_14,10005,FIN,8002,1081.0,50005,PROD,8002,794.0,90026,ADD,,20.999999999999996,2024
RLT_14,10006,FIN,8002,957.0,50006,PROD,8002,820.0,80076,PROD,8007.0,998.0,2024
RLT_14,10006,FIN,8002,957.0,80076,PROD,8007,972.0,80016,PROD,8001.0,3635.0,2024
RLT_14,10006,FIN,8002,957.0,80016,PROD,8001,1956.0,80006,PROD,8000.0,1909.0,2024
RLT_14,10006,FIN,8002,957.0,80006,PROD,8000,1905.0,70006,RM,,2521.0,2024
RLT_14,10006,FIN,8002,957.0,80006,PROD,8000,1905.0,90035,ADD,,63.0,2024
RLT_14,10006,FIN,8002,957.0,80016,PROD,8001,1956.0,90034,ADD,,98.0,2024
RLT_14,10006,FIN,8002,957.0,80076,PROD,8007,972.0,90032,ADD,,29.000000000000004,2024
RLT_14,10006,FIN,8002,957.0,80076,PROD,8007,972.0,90033,ADD,,10.0,2024
RLT_14,10006,FIN,8002,957.0,50006,PROD,8002,820.0,90030,ADD,,52.0,2024
RLT_14,10006,FIN,8002,957.0,50006,PROD,8002,820.0,90031,ADD,,19.0,2024
RLT_14,10009,FIN,8002,1081.0,50009,PROD,8002,794.0,80079,PROD,8007.0,857.0,2024
RLT_14,10009,FIN,8002,1081.0,80079,PROD,8007,849.0,80019,PROD,8001.0,3822.0,2024
RLT_14,10009,FIN,8002,1081.0,80019,PROD,8001,1780.0,80009,PROD,8000.0,2046.0000000000002,2024
RLT_14,10009,FIN,8002,1081.0,80009,PROD,8000,2181.0,70009,RM,,2523.0,2024
RLT_14,10009,FIN,8002,1081.0,80009,PROD,8000,2181.0,90050,ADD,,65.0,2024
RLT_14,10009,FIN,8002,1081.0,80019,PROD,8001,1780.0,90049,ADD,,102.0,2024
RLT_14,10009,FIN,8002,1081.0,80079,PROD,8007,849.0,90047,ADD,,27.0,2024
RLT_14,10009,FIN,8002,1081.0,80079,PROD,8007,849.0,90048,ADD,,9.0,2024
RLT_14,10009,FIN,8002,1081.0,50009,PROD,8002,794.0,90045,ADD,,51.0,2024
RLT_14,10009,FIN,8002,1081.0,50009,PROD,8002,794.0,90046,ADD,,20.999999999999996,2024
RLT_16,10007,FIN,8002,975.0,50007,PROD,8002,738.9999999999999,80077,PROD,8007.0,808.0,2024
RLT_16,10007,FIN,8002,975.0,80077,PROD,8007,897.0,80017,PROD,8001.0,3541.0,2024
RLT_16,10007,FIN,8002,975.0,80017,PROD,8001,1670.0,80007,PROD,8000.0,1909.0,2024
RLT_16,10007,FIN,8002,975.0,80007,PROD,8000,1904.0,70007,RM,,2803.0,2024
RLT_16,10007,FIN,8002,975.0,80007,PROD,8000,1904.0,90040,ADD,,72.0,2024
RLT_16,10007,FIN,8002,975.0,80017,PROD,8001,1670.0,90039,ADD,,96.0,2024
RLT_16,10007,FIN,8002,975.0,80077,PROD,8007,897.0,90037,ADD,,29.000000000000004,2024
RLT_16,10007,FIN,8002,975.0,80077,PROD,8007,897.0,90038,ADD,,11.0,2024
RLT_16,10007,FIN,8002,975.0,50007,PROD,8002,738.9999999999999,90035,ADD,,49.0,2024
RLT_16,10007,FIN,8002,975.0,50007,PROD,8002,738.9999999999999,90036,ADD,,20.999999999999996,2024
RLT_16,10008,FIN,8002,1032.0,50008,PROD,8002,790.0,80078,PROD,8007.0,928.0000000000001,2024
RLT_16,10008,FIN,8002,1032.0,80078,PROD,8007,868.0,80018,PROD,8001.0,3471.0,2024
RLT_16,10008,FIN,8002,1032.0,80018,PROD,8001,1825.0,80008,PROD,8000.0,2301.0,2024
RLT_16,10008,FIN,8002,1032.0,80008,PROD,8000,2136.0,70008,RM,,2860.0,2024
RLT_16,10008,FIN,8002,1032.0,80008,PROD,8000,2136.0,90045,ADD,,70.0,2024
RLT_16,10008,FIN,8002,1032.0,80018,PROD,8001,1825.0,90044,ADD,,92.0,2024
RLT_16,10008,FIN,8002,1032.0,80078,PROD,8007,868.0,90042,ADD,,32.0,2024
RLT_16,10008,FIN,8002,1032.0,80078,PROD,8007,868.0,90043,ADD,,9.0,2024
RLT_16,10008,FIN,8002,1032.0,50008,PROD,8002,790.0,90040,ADD,,52.0,2024
RLT_16,10008,FIN,8002,1032.0,50008,PROD,8002,790.0,90041,ADD,,18.0,2024
RLT_16,10007,FIN,8002,1050.0,50007,PROD,8002,811.0000000000001,80077,PROD,8007.0,879.0,2024
RLT_16,10007,FIN,8002,1050.0,80077,PROD,8007,875.0,80017,PROD,8001.0,3021.0000000000005,2024
RLT_16,10007,FIN,8002,1050.0,80017,PROD,8001,1635.0,80007,PROD,8000.0,2130.0,2024
RLT_16,10007,FIN,8002,1050.0,80007,PROD,8000,2144.0,70007,RM,,2538.0,2024
RLT_16,10007,FIN,8002,1050.0,80007,PROD,8000,2144.0,90040,ADD,,73.0,2024
RLT_16,10007,FIN,8002,1050.0,80017,PROD,8001,1635.0,90039,ADD,,106.99999999999999,2024
RLT_16,10007,FIN,8002,1050.0,80077,PROD,8007,875.0,90037,ADD,,29.000000000000004,2024
RLT_16,10007,FIN,8002,1050.0,80077,PROD,8007,875.0,90038,ADD,,11.0,2024
RLT_16,10007,FIN,8002,1050.0,50007,PROD,8002,811.0000000000001,90035,ADD,,48.0,2024
RLT_16,10007,FIN,8002,1050.0,50007,PROD,8002,811.0000000000001,90036,ADD,,20.0,2024
RLT_16,10008,FIN,8002,1084.0,50008,PROD,8002,872.9999999999999,80078,PROD,8007.0,872.9999999999999,2024
RLT_16,10008,FIN,8002,1084.0,80078,PROD,8007,815.0,80018,PROD,8001.0,3812.0,2024
RLT_16,10008,FIN,8002,1084.0,80018,PROD,8001,1820.0,80008,PROD,8000.0,1828.0,2024
RLT_16,10008,FIN,8002,1084.0,80008,PROD,8000,1825.0,70008,RM,,2175.0,2024
RLT_16,10008,FIN,8002,1084.0,80008,PROD,8000,1825.0,90045,ADD,,74.0,2024
RLT_16,10008,FIN,8002,1084.0,80018,PROD,8001,1820.0,90044,ADD,,99.0,2024
RLT_16,10008,FIN,8002,1084.0,80078,PROD,8007,815.0,90042,ADD,,29.000000000000004,2024
RLT_16,10008,FIN,8002,1084.0,80078,PROD,8007,815.0,90043,ADD,,11.0,2024
RLT_16,10008,FIN,8002,1084.0,50008,PROD,8002,872.9999999999999,90040,ADD,,52.0,2024
RLT_16,10008,FIN,8002,1084.0,50008,PROD,8002,872.9999999999999,90041,ADD,,20.0,2024
RLT_16,10007,FIN,8002,955.0,50007,PROD,8002,795.0,80077,PROD,8007.0,818.0,2024
RLT_16,10007,FIN,8002,955.0,80077,PROD,8007,894.0,80017,PROD,8001.0,3359.0,2024
RLT_16,10007,FIN,8002,955.0,80017,PROD,8001,1708.0,80007,PROD,8000.0,2035.0000000000002,2024
RLT_16,10007,FIN,8002,955.0,80007,PROD,8000,1854.0,70007,RM,,2677.0,2024
RLT_16,10007,FIN,8002,955.0,80007,PROD,8000,1854.0,90040,ADD,,68.0,2024
RLT_16,10007,FIN,8002,955.0,80017,PROD,8001,1708.0,90039,ADD,,90.99999999999999,2024
RLT_16,10007,FIN,8002,955.0,80077,PROD,8007,894.0,90037,ADD,,33.0,2024
RLT_16,10007,FIN,8002,955.0,80077,PROD,8007,894.0,90038,ADD,,9.0,2024
RLT_16,10007,FIN,8002,955.0,50007,PROD,8002,795.0,90035,ADD,,46.0,2024
RLT_16,10007,FIN,8002,955.0,50007,PROD,8002,795.0,90036,ADD,,20.0,2024
RLT_16,10008,FIN,8002,1005.0,50008,PROD,8002,864.0,80078,PROD,8007.0,865.0,2024
RLT_16,10008,FIN,8002,1005.0,80078,PROD,8007,896.0,80018,PROD,8001.0,3058.0,2024
RLT_16,10008,FIN,8002,1005.0,80018,PROD,8001,1647.0,80008,PROD,8000.0,1826.0,2024
RLT_16,10008,FIN,8002,1005.0,80008,PROD,8000,1945.0000000000002,70008,RM,,2467.0,2024
RLT_16,10008,FIN,8002,1005.0,80008,PROD,8000,1945.0000000000002,90045,ADD,,67.0,2024
RLT_16,10008,FIN,8002,1005.0,80018,PROD,8001,1647.0,90044,ADD,,101.0,2024
RLT_16,10008,FIN,8002,1005.0,80078,PROD,8007,896.0,90042,ADD,,28.0,2024
RLT_16,10008,FIN,8002,1005.0,80078,PROD,8007,896.0,90043,ADD,,10.0,2024
RLT_16,10008,FIN,8002,1005.0,50008,PROD,8002,864.0,90040,ADD,,49.0,2024
RLT_16,10008,FIN,8002,1005.0,50008,PROD,8002,864.0,90041,ADD,,20.0,2024
RLT_16,10007,FIN,8002,1070.0,50007,PROD,8002,805.0,80077,PROD,8007.0,927.0,2024
RLT_16,10007,FIN,8002,1070.0,80077,PROD,8007,848.0,80017,PROD,8001.0,3446.9999999999995,2024
RLT_16,10007,FIN,8002,1070.0,80017,PROD,8001,1862.0,80007,PROD,8000.0,2031.0,2024
RLT_16,10007,FIN,8002,1070.0,80007,PROD,8000,2075.0,70007,RM,,2616.0,2024
RLT_16,10007,FIN,8002,1070.0,80007,PROD,8000,2075.0,90040,ADD,,65.0,2024
RLT_16,10007,FIN,8002,1070.0,80017,PROD,8001,1862.0,90039,ADD,,110.0,2024
RLT_16,10007,FIN,8002,1070.0,80077,PROD,8007,848.0,90037,ADD,,30.0,2024
RLT_16,10007,FIN,8002,1070.0,80077,PROD,8007,848.0,90038,ADD,,10.0,2024
RLT_16,10007,FIN,8002,1070.0,50007,PROD,8002,805.0,90035,ADD,,53.0,2024
RLT_16,10007,FIN,8002,1070.0,50007,PROD,8002,805.0,90036,ADD,,20.0,2024
RLT_16,10008,FIN,8002,984.0000000000001,50008,PROD,8002,774.0,80078,PROD,8007.0,917.0000000000001,2024
RLT_16,10008,FIN,8002,984.0000000000001,80078,PROD,8007,859.0,80018,PROD,8001.0,3312.9999999999995,2024
RLT_16,10008,FIN,8002,984.0000000000001,80018,PROD,8001,1755.0,80008,PROD,8000.0,2106.0,2024
RLT_16,10008,FIN,8002,984.0000000000001,80008,PROD,8000,2023.0,70008,RM,,2525.0,2024
RLT_16,10008,FIN,8002,984.0000000000001,80008,PROD,8000,2023.0,90045,ADD,,76.0,2024
RLT_16,10008,FIN,8002,984.0000000000001,80018,PROD,8001,1755.0,90044,ADD,,106.99999999999999,2024
RLT_16,10008,FIN,8002,984.0000000000001,80078,PROD,8007,859.0,90042,ADD,,30.0,2024
RLT_16,10008,FIN,8002,984.0000000000001,80078,PROD,8007,859.0,90043,ADD,,9.0,2024
RLT_16,10008,FIN,8002,984.0000000000001,50008,PROD,8002,774.0,90040,ADD,,46.0,2024
RLT_16,10008,FIN,8002,984.0000000000001,50008,PROD,8002,774.0,90041,ADD,,19.0,2024
RLT_16,10007,FIN,8002,954.0,50007,PROD,8002,757.0,80077,PROD,8007.0,881.0,2024
RLT_16,10007,FIN,8002,954.0,80077,PROD,8007,857.0,80017,PROD,8001.0,3270.0,2024
RLT_16,10007,FIN,8002,954.0,80017,PROD,8001,1630.0,80007,PROD,8000.0,2105.0,2024
RLT_16,10007,FIN,8002,954.0,80007,PROD,8000,2166.0,70007,RM,,2638.0,2024
RLT_16,10007,FIN,8002,954.0,80007,PROD,8000,2166.0,90040,ADD,,74.0,2024
RLT_16,10007,FIN,8002,954.0,80017,PROD,8001,1630.0,90039,ADD,,109.0,2024
RLT_16,10007,FIN,8002,954.0,80077,PROD,8007,857.0,90037,ADD,,32.0,2024
RLT_16,10007,FIN,8002,954.0,80077,PROD,8007,857.0,90038,ADD,,11.0,2024
RLT_16,10007,FIN,8002,954.0,50007,PROD,8002,757.0,90035,ADD,,50.00000000000001,2024
RLT_16,10007,FIN,8002,954.0,50007,PROD,8002,757.0,90036,ADD,,19.0,2024
RLT_16,10008,FIN,8002,1005.0,50008,PROD,8002,851.0,80078,PROD,8007.0,970.0,2024
RLT_16,10008,FIN,8002,1005.0,80078,PROD,8007,924.0,80018,PROD,8001.0,3064.0,2024
RLT_16,10008,FIN,8002,1005.0,80018,PROD,8001,1665.0,80008,PROD,8000.0,2127.0,2024
RLT_16,10008,FIN,8002,1005.0,80008,PROD,8000,2063.0,70008,RM,,2372.0,2024
RLT_16,10008,FIN,8002,1005.0,80008,PROD,8000,2063.0,90045,ADD,,73.0,2024
RLT_16,10008,FIN,8002,1005.0,80018,PROD,8001,1665.0,90044,ADD,,104.0,2024
RLT_16,10008,FIN,8002,1005.0,80078,PROD,8007,924.0,90042,ADD,,33.0,2024
RLT_16,10008,FIN,8002,1005.0,80078,PROD,8007,924.0,90043,ADD,,11.0,2024
RLT_16,10008,FIN,8002,1005.0,50008,PROD,8002,851.0,90040,ADD,,52.0,2024
RLT_16,10008,FIN,8002,1005.0,50008,PROD,8002,851.0,90041,ADD,,19.0,2024
RLT_16,10007,FIN,8002,901.0,50007,PROD,8002,764.0,80077,PROD,8007.0,984.0000000000001,2024
RLT_16,10007,FIN,8002,901.0,80077,PROD,8007,988.0,80017,PROD,8001.0,3802.9999999999995,2024
RLT_16,10007,FIN,8002,901.0,80017,PROD,8001,1772.0,80007,PROD,8000.0,2364.0,2024
RLT_16,10007,FIN,8002,901.0,80007,PROD,8000,2185.0,70007,RM,,2117.0,2024
RLT_16,10007,FIN,8002,901.0,80007,PROD,8000,2185.0,90040,ADD,,68.0,2024
RLT_16,10007,FIN,8002,901.0,80017,PROD,8001,1772.0,90039,ADD,,98.0,2024
RLT_16,10007,FIN,8002,901.0,80077,PROD,8007,988.0,90037,ADD,,32.0,2024
RLT_16,10007,FIN,8002,901.0,80077,PROD,8007,988.0,90038,ADD,,11.0,2024
RLT_16,10007,FIN,8002,901.0,50007,PROD,8002,764.0,90035,ADD,,45.0,2024
RLT_16,10007,FIN,8002,901.0,50007,PROD,8002,764.0,90036,ADD,,20.0,2024
RLT_16,10008,FIN,8002,935.0,50008,PROD,8002,758.0,80078,PROD,8007.0,1059.0,2024
RLT_16,10008,FIN,8002,935.0,80078,PROD,8007,969.0,80018,PROD,8001.0,4276.0,2024
RLT_16,10008,FIN,8002,935.0,80018,PROD,8001,1979.0000000000002,80008,PROD,8000.0,1944.0,2024
RLT_16,10008,FIN,8002,935.0,80008,PROD,8000,1911.0,70008,RM,,2787.0,2024
RLT_16,10008,FIN,8002,935.0,80008,PROD,8000,1911.0,90045,ADD,,72.0,2024
RLT_16,10008,FIN,8002,935.0,80018,PROD,8001,1979.0000000000002,90044,ADD,,109.0,2024
RLT_16,10008,FIN,8002,935.0,80078,PROD,8007,969.0,90042,ADD,,28.0,2024
RLT_16,10008,FIN,8002,935.0,80078,PROD,8007,969.0,90043,ADD,,10.0,2024
RLT_16,10008,FIN,8002,935.0,50008,PROD,8002,758.0,90040,ADD,,54.0,2024
RLT_16,10008,FIN,8002,935.0,50008,PROD,8002,758.0,90041,ADD,,20.0,2024
RLT_16,10007,FIN,8002,1054.0,50007,PROD,8002,764.0,80077,PROD,8007.0,803.0,2024
RLT_16,10007,FIN,8002,1054.0,80077,PROD,8007,870.0,80017,PROD,8001.0,3842.0,2024
RLT_16,10007,FIN,8002,1054.0,80017,PROD,8001,1773.0,80007,PROD,8000.0,2033.0,2024
RLT_16,10007,FIN,8002,1054.0,80007,PROD,8000,1944.0,70007,RM,,2641.0,2024
RLT_16,10007,FIN,8002,1054.0,80007,PROD,8000,1944.0,90040,ADD,,75.0,2024
RLT_16,10007,FIN,8002,1054.0,80017,PROD,8001,1773.0,90039,ADD,,94.0,2024
RLT_16,10007,FIN,8002,1054.0,80077,PROD,8007,870.0,90037,ADD,,32.0,2024
RLT_16,10007,FIN,8002,1054.0,80077,PROD,8007,870.0,90038,ADD,,10.0,2024
RLT_16,10007,FIN,8002,1054.0,50007,PROD,8002,764.0,90035,ADD,,49.0,2024
RLT_16,10007,FIN,8002,1054.0,50007,PROD,8002,764.0,90036,ADD,,20.0,2024
RLT_16,10008,FIN,8002,972.9999999999999,50008,PROD,8002,798.0,80078,PROD,8007.0,867.0000000000001,2024
RLT_16,10008,FIN,8002,972.9999999999999,80078,PROD,8007,855.0,80018,PROD,8001.0,3921.0,2024
RLT_16,10008,FIN,8002,972.9999999999999,80018,PROD,8001,1964.0,80008,PROD,8000.0,1943.0,2024
RLT_16,10008,FIN,8002,972.9999999999999,80008,PROD,8000,1865.0,70008,RM,,2936.0,2024
RLT_16,10008,FIN,8002,972.9999999999999,80008,PROD,8000,1865.0,90045,ADD,,73.0,2024
RLT_16,10008,FIN,8002,972.9999999999999,80018,PROD,8001,1964.0,90044,ADD,,94.0,2024
RLT_16,10008,FIN,8002,972.9999999999999,80078,PROD,8007,855.0,90042,ADD,,29.000000000000004,2024
RLT_16,10008,FIN,8002,972.9999999999999,80078,PROD,8007,855.0,90043,ADD,,9.0,2024
RLT_16,10008,FIN,8002,972.9999999999999,50008,PROD,8002,798.0,90040,ADD,,51.0,2024
RLT_16,10008,FIN,8002,972.9999999999999,50008,PROD,8002,798.0,90041,ADD,,20.0,2024
RLT_16,10007,FIN,8002,1044.0,50007,PROD,8002,747.0,80077,PROD,8007.0,942.0,2024
RLT_16,10007,FIN,8002,1044.0,80077,PROD,8007,977.0,80017,PROD,8001.0,3835.0,2024
RLT_16,10007,FIN,8002,1044.0,80017,PROD,8001,1922.0,80007,PROD,8000.0,1928.0,2024
RLT_16,10007,FIN,8002,1044.0,80007,PROD,8000,1931.0,70007,RM,,2797.0,2024
RLT_16,10007,FIN,8002,1044.0,80007,PROD,8000,1931.0,90040,ADD,,68.0,2024
RLT_16,10007,FIN,8002,1044.0,80017,PROD,8001,1922.0,90039,ADD,,99.0,2024
RLT_16,10007,FIN,8002,1044.0,80077,PROD,8007,977.0,90037,ADD,,29.000000000000004,2024
RLT_16,10007,FIN,8002,1044.0,80077,PROD,8007,977.0,90038,ADD,,10.0,2024
RLT_16,10007,FIN,8002,1044.0,50007,PROD,8002,747.0,90035,ADD,,47.0,2024
RLT_16,10007,FIN,8002,1044.0,50007,PROD,8002,747.0,90036,ADD,,19.0,2024
RLT_16,10008,FIN,8002,1034.0,50008,PROD,8002,844.0,80078,PROD,8007.0,868.0,2024
RLT_16,10008,FIN,8002,1034.0,80078,PROD,8007,830.0,80018,PROD,8001.0,3186.0,2024
RLT_16,10008,FIN,8002,1034.0,80018,PROD,8001,1725.0,80008,PROD,8000.0,1904.0,2024
RLT_16,10008,FIN,8002,1034.0,80008,PROD,8000,1941.0,70008,RM,,2655.0,2024
RLT_16,10008,FIN,8002,1034.0,80008,PROD,8000,1941.0,90045,ADD,,64.0,2024
RLT_16,10008,FIN,8002,1034.0,80018,PROD,8001,1725.0,90044,ADD,,100.00000000000001,2024
RLT_16,10008,FIN,8002,1034.0,80078,PROD,8007,830.0,90042,ADD,,29.000000000000004,2024
RLT_16,10008,FIN,8002,1034.0,80078,PROD,8007,830.0,90043,ADD,,10.0,2024
RLT_16,10008,FIN,8002,1034.0,50008,PROD,8002,844.0,90040,ADD,,46.0,2024
RLT_16,10008,FIN,8002,1034.0,50008,PROD,8002,844.0,90041,ADD,,22.0,2024
RLT_16,10007,FIN,8002,941.0,50007,PROD,8002,861.0000000000001,80077,PROD,8007.0,1018.0,2024
RLT_16,10007,FIN,8002,941.0,80077,PROD,8007,958.0,80017,PROD,8001.0,3219.0,2024
RLT_16,10007,FIN,8002,941.0,80017,PROD,8001,1707.0,80007,PROD,8000.0,2108.0,2024
RLT_16,10007,FIN,8002,941.0,80007,PROD,8000,1950.0,70007,RM,,2429.0,2024
RLT_16,10007,FIN,8002,941.0,80007,PROD,8000,1950.0,90040,ADD,,66.0,2024
RLT_16,10007,FIN,8002,941.0,80017,PROD,8001,1707.0,90039,ADD,,101.0,2024
RLT_16,10007,FIN,8002,941.0,80077,PROD,8007,958.0,90037,ADD,,32.0,2024
RLT_16,10007,FIN,8002,941.0,80077,PROD,8007,958.0,90038,ADD,,10.0,2024
RLT_16,10007,FIN,8002,941.0,50007,PROD,8002,861.0000000000001,90035,ADD,,47.0,2024
RLT_16,10007,FIN,8002,941.0,50007,PROD,8002,861.0000000000001,90036,ADD,,20.999999999999996,2024
RLT_16,10008,FIN,8002,1040.0,50008,PROD,8002,720.0,80078,PROD,8007.0,982.0,2024
RLT_16,10008,FIN,8002,1040.0,80078,PROD,8007,977.0,80018,PROD,8001.0,3226.0,2024
RLT_16,10008,FIN,8002,1040.0,80018,PROD,8001,1678.9999999999998,80008,PROD,8000.0,1910.0,2024
RLT_16,10008,FIN,8002,1040.0,80008,PROD,8000,1923.9999999999998,70008,RM,,2434.0,2024
RLT_16,10008,FIN,8002,1040.0,80008,PROD,8000,1923.9999999999998,90045,ADD,,71.0,2024
RLT_16,10008,FIN,8002,1040.0,80018,PROD,8001,1678.9999999999998,90044,ADD,,90.99999999999999,2024
RLT_16,10008,FIN,8002,1040.0,80078,PROD,8007,977.0,90042,ADD,,29.000000000000004,2024
RLT_16,10008,FIN,8002,1040.0,80078,PROD,8007,977.0,90043,ADD,,9.0,2024
RLT_16,10008,FIN,8002,1040.0,50008,PROD,8002,720.0,90040,ADD,,52.0,2024
RLT_16,10008,FIN,8002,1040.0,50008,PROD,8002,720.0,90041,ADD,,20.999999999999996,2024
RLT_16,10007,FIN,8002,1049.0,50007,PROD,8002,810.0,80077,PROD,8007.0,876.0,2024
RLT_16,10007,FIN,8002,1049.0,80077,PROD,8007,811.0000000000001,80017,PROD,8001.0,3890.0000000000005,2024
RLT_16,10007,FIN,8002,1049.0,80017,PROD,8001,1895.0,80007,PROD,8000.0,2103.0,2024
RLT_16,10007,FIN,8002,1049.0,80007,PROD,8000,2045.0,70007,RM,,2287.0,2024
RLT_16,10007,FIN,8002,1049.0,80007,PROD,8000,2045.0,90040,ADD,,67.0,2024
RLT_16,10007,FIN,8002,1049.0,80017,PROD,8001,1895.0,90039,ADD,,106.99999999999999,2024
RLT_16,10007,FIN,8002,1049.0,80077,PROD,8007,811.0000000000001,90037,ADD,,30.0,2024
RLT_16,10007,FIN,8002,1049.0,80077,PROD,8007,811.0000000000001,90038,ADD,,10.0,2024
RLT_16,10007,FIN,8002,1049.0,50007,PROD,8002,810.0,90035,ADD,,51.0,2024
RLT_16,10007,FIN,8002,1049.0,50007,PROD,8002,810.0,90036,ADD,,19.0,2024
RLT_16,10008,FIN,8002,949.0,50008,PROD,8002,745.0,80078,PROD,8007.0,820.0,2024
RLT_16,10008,FIN,8002,949.0,80078,PROD,8007,894.9999999999999,80018,PROD,8001.0,3258.0,2024
RLT_16,10008,FIN,8002,949.0,80018,PROD,8001,1686.0,80008,PROD,8000.0,1847.0,2024
RLT_16,10008,FIN,8002,949.0,80008,PROD,8000,1972.0,70008,RM,,2550.0,2024
RLT_16,10008,FIN,8002,949.0,80008,PROD,8000,1972.0,90045,ADD,,64.0,2024
RLT_16,10008,FIN,8002,949.0,80018,PROD,8001,1686.0,90044,ADD,,103.0,2024
RLT_16,10008,FIN,8002,949.0,80078,PROD,8007,894.9999999999999,90042,ADD,,27.0,2024
RLT_16,10008,FIN,8002,949.0,80078,PROD,8007,894.9999999999999,90043,ADD,,11.0,2024
RLT_16,10008,FIN,8002,949.0,50008,PROD,8002,745.0,90040,ADD,,48.0,2024
RLT_16,10008,FIN,8002,949.0,50008,PROD,8002,745.0,90041,ADD,,22.0,2024
RLT_16,10007,FIN,8002,949.0,50007,PROD,8002,840.0,80077,PROD,8007.0,966.0,2024
RLT_16,10007,FIN,8002,949.0,80077,PROD,8007,927.0,80017,PROD,8001.0,3601.0000000000005,2024
RLT_16,10007,FIN,8002,949.0,80017,PROD,8001,1945.9999999999998,80007,PROD,8000.0,1938.0,2024
RLT_16,10007,FIN,8002,949.0,80007,PROD,8000,1859.0,70007,RM,,2558.0,2024
RLT_16,10007,FIN,8002,949.0,80007,PROD,8000,1859.0,90040,ADD,,69.0,2024
RLT_16,10007,FIN,8002,949.0,80017,PROD,8001,1945.9999999999998,90039,ADD,,100.00000000000001,2024
RLT_16,10007,FIN,8002,949.0,80077,PROD,8007,927.0,90037,ADD,,30.0,2024
RLT_16,10007,FIN,8002,949.0,80077,PROD,8007,927.0,90038,ADD,,10.0,2024
RLT_16,10007,FIN,8002,949.0,50007,PROD,8002,840.0,90035,ADD,,49.0,2024
RLT_16,10007,FIN,8002,949.0,50007,PROD,8002,840.0,90036,ADD,,20.0,2024
RLT_16,10008,FIN,8002,1069.0,50008,PROD,8002,766.0,80078,PROD,8007.0,880.0,2024
RLT_16,10008,FIN,8002,1069.0,80078,PROD,8007,816.0,80018,PROD,8001.0,3251.0,2024
RLT_16,10008,FIN,8002,1069.0,80018,PROD,8001,1709.0,80008,PROD,8000.0,1871.0,2024
RLT_16,10008,FIN,8002,1069.0,80008,PROD,8000,1887.0,70008,RM,,2766.0,2024
RLT_16,10008,FIN,8002,1069.0,80008,PROD,8000,1887.0,90045,ADD,,76.0,2024
RLT_16,10008,FIN,8002,1069.0,80018,PROD,8001,1709.0,90044,ADD,,100.00000000000001,2024
RLT_16,10008,FIN,8002,1069.0,80078,PROD,8007,816.0,90042,ADD,,32.0,2024
RLT_16,10008,FIN,8002,1069.0,80078,PROD,8007,816.0,90043,ADD,,11.0,2024
RLT_16,10008,FIN,8002,1069.0,50008,PROD,8002,766.0,90040,ADD,,49.0,2024
RLT_16,10008,FIN,8002,1069.0,50008,PROD,8002,766.0,90041,ADD,,22.0,2024
RLT_16,10007,FIN,8002,1081.0,50007,PROD,8002,794.0,80077,PROD,8007.0,857.0,2024
RLT_16,10007,FIN,8002,1081.0,80077,PROD,8007,849.0,80017,PROD,8001.0,3822.0,2024
RLT_16,10007,FIN,8002,1081.0,80017,PROD,8001,1780.0,80007,PROD,8000.0,2046.0000000000002,2024
RLT_16,10007,FIN,8002,1081.0,80007,PROD,8000,2181.0,70007,RM,,2523.0,2024
RLT_16,10007,FIN,8002,1081.0,80007,PROD,8000,2181.0,90040,ADD,,65.0,2024
RLT_16,10007,FIN,8002,1081.0,80017,PROD,8001,1780.0,90039,ADD,,102.0,2024
RLT_16,10007,FIN,8002,1081.0,80077,PROD,8007,849.0,90037,ADD,,27.0,2024
RLT_16,10007,FIN,8002,1081.0,80077,PROD,8007,849.0,90038,ADD,,9.0,2024
RLT_16,10007,FIN,8002,1081.0,50007,PROD,8002,794.0,90035,ADD,,51.0,2024
RLT_16,10007,FIN,8002,1081.0,50007,PROD,8002,794.0,90036,ADD,,20.999999999999996,2024
RLT_16,10008,FIN,8002,957.0,50008,PROD,8002,820.0,80078,PROD,8007.0,998.0,2024
RLT_16,10008,FIN,8002,957.0,80078,PROD,8007,972.0,80018,PROD,8001.0,3635.0,2024
RLT_16,10008,FIN,8002,957.0,80018,PROD,8001,1956.0,80008,PROD,8000.0,1909.0,2024
RLT_16,10008,FIN,8002,957.0,80008,PROD,8000,1905.0,70008,RM,,2521.0,2024
RLT_16,10008,FIN,8002,957.0,80008,PROD,8000,1905.0,90045,ADD,,63.0,2024
RLT_16,10008,FIN,8002,957.0,80018,PROD,8001,1956.0,90044,ADD,,98.0,2024
RLT_16,10008,FIN,8002,957.0,80078,PROD,8007,972.0,90042,ADD,,29.000000000000004,2024
RLT_16,10008,FIN,8002,957.0,80078,PROD,8007,972.0,90043,ADD,,10.0,2024
RLT_16,10008,FIN,8002,957.0,50008,PROD,8002,820.0,90040,ADD,,52.0,2024
RLT_16,10008,FIN,8002,957.0,50008,PROD,8002,820.0,90041,ADD,,19.0,2024
